NSeq, I1, I2, O1, O2, AI3
0, 0, 0, 0, 0, 594
1, 0, 0, 0, 0, 592
2, 0, 0, 0, 0, 521
3, 0, 0, 0, 0, 523
4, 0, 0, 0, 0, 448
5, 0, 0, 0, 0, 447
6, 0, 0, 0, 0, 381
7, 0, 0, 0, 0, 385
8, 0, 0, 0, 0, 320
9, 0, 0, 0, 0, 311
10, 0, 0, 0, 0, 267
11, 0, 0, 0, 0, 266
12, 0, 0, 0, 0, 208
13, 0, 0, 0, 0, 212
14, 0, 0, 0, 0, 164
15, 0, 0, 0, 0, 170
0, 0, 0, 0, 0, 130
1, 0, 0, 0, 0, 128
2, 0, 0, 0, 0, 98
3, 0, 0, 0, 0, 86
4, 0, 0, 0, 0, 64
5, 0, 0, 0, 0, 61
6, 0, 0, 0, 0, 48
7, 0, 0, 0, 0, 47
8, 0, 0, 0, 0, 25
9, 0, 0, 0, 0, 30
10, 0, 0, 0, 0, 16
11, 0, 0, 0, 0, 16
12, 0, 0, 0, 0, 16
13, 0, 0, 0, 0, 13
14, 0, 0, 0, 0, 15
15, 0, 0, 0, 0, 16
0, 0, 0, 0, 0, 29
1, 0, 0, 0, 0, 29
2, 0, 0, 0, 0, 42
3, 0, 0, 0, 0, 48
4, 0, 0, 0, 0, 66
5, 0, 0, 0, 0, 65
6, 0, 0, 0, 0, 99
7, 0, 0, 0, 0, 89
8, 0, 0, 0, 0, 126
9, 0, 0, 0, 0, 125
10, 0, 0, 0, 0, 168
11, 0, 0, 0, 0, 167
12, 0, 0, 0, 0, 214
13, 0, 0, 0, 0, 207
14, 0, 0, 0, 0, 271
15, 0, 0, 0, 0, 264
0, 0, 0, 0, 0, 317
1, 0, 0, 0, 0, 318
2, 0, 0, 0, 0, 379
3, 0, 0, 0, 0, 384
4, 0, 0, 0, 0, 449
5, 0, 0, 0, 0, 450
6, 0, 0, 0, 0, 523
7, 0, 0, 0, 0, 528
8, 0, 0, 0, 0, 592
9, 0, 0, 0, 0, 592
10, 0, 0, 0, 0, 674
11, 0, 0, 0, 0, 679
12, 0, 0, 0, 0, 767
13, 0, 0, 0, 0, 759
14, 0, 0, 0, 0, 848
15, 0, 0, 0, 0, 848
0, 0, 0, 0, 0, 935
1, 0, 0, 0, 0, 934
2, 0, 0, 0, 0, 1039
3, 0, 0, 0, 0, 1035
4, 0, 0, 0, 0, 1131
5, 0, 0, 0, 0, 1134
6, 0, 0, 0, 0, 1227
7, 0, 0, 0, 0, 1232
8, 0, 0, 0, 0, 1330
9, 0, 0, 0, 0, 1328
10, 0, 0, 0, 0, 1434
11, 0, 0, 0, 0, 1435
12, 0, 0, 0, 0, 1543
13, 0, 0, 0, 0, 1535
14, 0, 0, 0, 0, 1647
15, 0, 0, 0, 0, 1643
0, 0, 0, 0, 0, 1744
1, 0, 0, 0, 0, 1744
2, 0, 0, 0, 0, 1841
3, 0, 0, 0, 0, 1843
4, 0, 0, 0, 0, 1939
5, 0, 0, 0, 0, 1943
6, 0, 0, 0, 0, 2047
7, 0, 0, 0, 0, 2040
8, 0, 0, 0, 0, 2143
9, 0, 0, 0, 0, 2148
10, 0, 0, 0, 0, 2245
11, 0, 0, 0, 0, 2239
12, 0, 0, 0, 0, 2331
13, 0, 0, 0, 0, 2338
14, 0, 0, 0, 0, 2422
15, 0, 0, 0, 0, 2423
0, 0, 0, 0, 0, 2510
1, 0, 0, 0, 0, 2512
2, 0, 0, 0, 0, 2609
3, 0, 0, 0, 0, 2608
4, 0, 0, 0, 0, 2690
5, 0, 0, 0, 0, 2687
6, 0, 0, 0, 0, 2768
7, 0, 0, 0, 0, 2768
8, 0, 0, 0, 0, 2849
9, 0, 0, 0, 0, 2841
10, 0, 0, 0, 0, 2926
11, 0, 0, 0, 0, 2919
12, 0, 0, 0, 0, 2991
13, 0, 0, 0, 0, 2992
14, 0, 0, 0, 0, 3059
15, 0, 0, 0, 0, 3063
0, 0, 0, 0, 0, 3134
1, 0, 0, 0, 0, 3133
2, 0, 0, 0, 0, 3190
3, 0, 0, 0, 0, 3199
4, 0, 0, 0, 0, 3251
5, 0, 0, 0, 0, 3249
6, 0, 0, 0, 0, 3310
7, 0, 0, 0, 0, 3310
8, 0, 0, 0, 0, 3354
9, 0, 0, 0, 0, 3344
10, 0, 0, 0, 0, 3376
11, 0, 0, 0, 0, 3376
12, 0, 0, 0, 0, 3402
13, 0, 0, 0, 0, 3399
14, 0, 0, 0, 0, 3421
15, 0, 0, 0, 0, 3409
0, 0, 0, 0, 0, 3419
1, 0, 0, 0, 0, 3417
2, 0, 0, 0, 0, 3425
3, 0, 0, 0, 0, 3421
4, 0, 0, 0, 0, 3398
5, 0, 0, 0, 0, 3402
6, 0, 0, 0, 0, 3379
7, 0, 0, 0, 0, 3377
8, 0, 0, 0, 0, 3342
9, 0, 0, 0, 0, 3341
10, 0, 0, 0, 0, 3309
11, 0, 0, 0, 0, 3296
12, 0, 0, 0, 0, 3248
13, 0, 0, 0, 0, 3251
14, 0, 0, 0, 0, 3197
15, 0, 0, 0, 0, 3196
0, 0, 0, 0, 0, 3131
1, 0, 0, 0, 0, 3134
2, 0, 0, 0, 0, 3063
3, 0, 0, 0, 0, 3061
4, 0, 0, 0, 0, 2992
5, 0, 0, 0, 0, 2994
6, 0, 0, 0, 0, 2923
7, 0, 0, 0, 0, 2919
8, 0, 0, 0, 0, 2850
9, 0, 0, 0, 0, 2847
10, 0, 0, 0, 0, 2766
11, 0, 0, 0, 0, 2762
12, 0, 0, 0, 0, 2689
13, 0, 0, 0, 0, 2688
14, 0, 0, 0, 0, 2607
15, 0, 0, 0, 0, 2606
0, 0, 0, 0, 0, 2517
1, 0, 0, 0, 0, 2515
2, 0, 0, 0, 0, 2422
3, 0, 0, 0, 0, 2422
4, 0, 0, 0, 0, 2338
5, 0, 0, 0, 0, 2339
6, 0, 0, 0, 0, 2238
7, 0, 0, 0, 0, 2241
8, 0, 0, 0, 0, 2146
9, 0, 0, 0, 0, 2149
10, 0, 0, 0, 0, 2042
11, 0, 0, 0, 0, 2042
12, 0, 0, 0, 0, 1946
13, 0, 0, 0, 0, 1947
14, 0, 0, 0, 0, 1845
15, 0, 0, 0, 0, 1842
0, 0, 0, 0, 0, 1743
1, 0, 0, 0, 0, 1741
2, 0, 0, 0, 0, 1645
3, 0, 0, 0, 0, 1639
4, 0, 0, 0, 0, 1547
5, 0, 0, 0, 0, 1531
6, 0, 0, 0, 0, 1431
7, 0, 0, 0, 0, 1427
8, 0, 0, 0, 0, 1329
9, 0, 0, 0, 0, 1332
10, 0, 0, 0, 0, 1232
11, 0, 0, 0, 0, 1232
12, 0, 0, 0, 0, 1136
13, 0, 0, 0, 0, 1136
14, 0, 0, 0, 0, 1039
15, 0, 0, 0, 0, 1035
0, 0, 0, 0, 0, 940
1, 0, 0, 0, 0, 942
2, 0, 0, 0, 0, 851
3, 0, 0, 0, 0, 847
4, 0, 0, 0, 0, 763
5, 0, 0, 0, 0, 757
6, 0, 0, 0, 0, 676
7, 0, 0, 0, 0, 681
8, 0, 0, 0, 0, 599
9, 0, 0, 0, 0, 596
10, 0, 0, 0, 0, 524
11, 0, 0, 0, 0, 521
12, 0, 0, 0, 0, 451
13, 0, 0, 0, 0, 442
14, 0, 0, 0, 0, 384
15, 0, 0, 0, 0, 378
0, 0, 0, 0, 0, 317
1, 0, 0, 0, 0, 313
2, 0, 0, 0, 0, 272
3, 0, 0, 0, 0, 265
4, 0, 0, 0, 0, 211
5, 0, 0, 0, 0, 215
6, 0, 0, 0, 0, 169
7, 0, 0, 0, 0, 173
8, 0, 0, 0, 0, 128
9, 0, 0, 0, 0, 128
10, 0, 0, 0, 0, 101
11, 0, 0, 0, 0, 100
12, 0, 0, 0, 0, 59
13, 0, 0, 0, 0, 64
14, 0, 0, 0, 0, 45
15, 0, 0, 0, 0, 48
0, 0, 0, 0, 0, 30
1, 0, 0, 0, 0, 30
2, 0, 0, 0, 0, 21
3, 0, 0, 0, 0, 16
4, 0, 0, 0, 0, 17
5, 0, 0, 0, 0, 16
6, 0, 0, 0, 0, 23
7, 0, 0, 0, 0, 21
8, 0, 0, 0, 0, 33
9, 0, 0, 0, 0, 29
10, 0, 0, 0, 0, 46
11, 0, 0, 0, 0, 45
12, 0, 0, 0, 0, 59
13, 0, 0, 0, 0, 64
14, 0, 0, 0, 0, 90
15, 0, 0, 0, 0, 87
0, 0, 0, 0, 0, 134
1, 0, 0, 0, 0, 125
2, 0, 0, 0, 0, 165
3, 0, 0, 0, 0, 161
4, 0, 0, 0, 0, 215
5, 0, 0, 0, 0, 208
6, 0, 0, 0, 0, 272
7, 0, 0, 0, 0, 259
8, 0, 0, 0, 0, 321
9, 0, 0, 0, 0, 327
10, 0, 0, 0, 0, 378
11, 0, 0, 0, 0, 382
12, 0, 0, 0, 0, 449
13, 0, 0, 0, 0, 446
14, 0, 0, 0, 0, 528
15, 0, 0, 0, 0, 527
0, 0, 0, 0, 0, 596
1, 0, 0, 0, 0, 596
2, 0, 0, 0, 0, 673
3, 0, 0, 0, 0, 681
4, 0, 0, 0, 0, 759
5, 0, 0, 0, 0, 758
6, 0, 0, 0, 0, 847
7, 0, 0, 0, 0, 848
8, 0, 0, 0, 0, 939
9, 0, 0, 0, 0, 940
10, 0, 0, 0, 0, 1037
11, 0, 0, 0, 0, 1037
12, 0, 0, 0, 0, 1136
13, 0, 0, 0, 0, 1135
14, 0, 0, 0, 0, 1230
15, 0, 0, 0, 0, 1230
0, 0, 0, 0, 0, 1330
1, 0, 0, 0, 0, 1333
2, 0, 0, 0, 0, 1428
3, 0, 0, 0, 0, 1433
4, 0, 0, 0, 0, 1535
5, 0, 0, 0, 0, 1535
6, 0, 0, 0, 0, 1643
7, 0, 0, 0, 0, 1645
8, 0, 0, 0, 0, 1744
9, 0, 0, 0, 0, 1739
10, 0, 0, 0, 0, 1846
11, 0, 0, 0, 0, 1840
12, 0, 0, 0, 0, 1949
13, 0, 0, 0, 0, 1943
14, 0, 0, 0, 0, 2044
15, 0, 0, 0, 0, 2047
0, 0, 0, 0, 0, 2145
1, 0, 0, 0, 0, 2142
2, 0, 0, 0, 0, 2237
3, 0, 0, 0, 0, 2243
4, 0, 0, 0, 0, 2335
5, 0, 0, 0, 0, 2328
6, 0, 0, 0, 0, 2429
7, 0, 0, 0, 0, 2423
8, 0, 0, 0, 0, 2514
9, 0, 0, 0, 0, 2515
10, 0, 0, 0, 0, 2608
11, 0, 0, 0, 0, 2605
12, 0, 0, 0, 0, 2691
13, 0, 0, 0, 0, 2687
14, 0, 0, 0, 0, 2767
15, 0, 0, 0, 0, 2768
0, 0, 0, 0, 0, 2846
1, 0, 0, 0, 0, 2844
2, 0, 0, 0, 0, 2922
3, 0, 0, 0, 0, 2919
4, 0, 0, 0, 0, 2995
5, 0, 0, 0, 0, 2998
6, 0, 0, 0, 0, 3058
7, 0, 0, 0, 0, 3059
8, 0, 0, 0, 0, 3137
9, 0, 0, 0, 0, 3136
10, 0, 0, 0, 0, 3191
11, 0, 0, 0, 0, 3201
12, 0, 0, 0, 0, 3254
13, 0, 0, 0, 0, 3251
14, 0, 0, 0, 0, 3299
15, 0, 0, 0, 0, 3309
0, 0, 0, 0, 0, 3349
1, 0, 0, 0, 0, 3344
2, 0, 0, 0, 0, 3372
3, 0, 0, 0, 0, 3382
4, 0, 0, 0, 0, 3402
5, 0, 0, 0, 0, 3408
6, 0, 0, 0, 0, 3411
7, 0, 0, 0, 0, 3423
8, 0, 0, 0, 0, 3424
9, 0, 0, 0, 0, 3426
10, 0, 0, 0, 0, 3426
11, 0, 0, 0, 0, 3413
12, 0, 0, 0, 0, 3397
13, 0, 0, 0, 0, 3405
14, 0, 0, 0, 0, 3373
15, 0, 0, 0, 0, 3377
0, 0, 0, 0, 0, 3347
1, 0, 0, 0, 0, 3341
2, 0, 0, 0, 0, 3297
3, 0, 0, 0, 0, 3307
4, 0, 0, 0, 0, 3248
5, 0, 0, 0, 0, 3250
6, 0, 0, 0, 0, 3198
7, 0, 0, 0, 0, 3200
8, 0, 0, 0, 0, 3136
9, 0, 0, 0, 0, 3133
10, 0, 0, 0, 0, 3078
11, 0, 0, 0, 0, 3069
12, 0, 0, 0, 0, 2998
13, 0, 0, 0, 0, 2998
14, 0, 0, 0, 0, 2919
15, 0, 0, 0, 0, 2927
0, 0, 0, 0, 0, 2843
1, 0, 0, 0, 0, 2850
2, 0, 0, 0, 0, 2769
3, 0, 0, 0, 0, 2768
4, 0, 0, 0, 0, 2685
5, 0, 0, 0, 0, 2688
6, 0, 0, 0, 0, 2609
7, 0, 0, 0, 0, 2607
8, 0, 0, 0, 0, 2512
9, 0, 0, 0, 0, 2512
10, 0, 0, 0, 0, 2427
11, 0, 0, 0, 0, 2425
12, 0, 0, 0, 0, 2335
13, 0, 0, 0, 0, 2335
14, 0, 0, 0, 0, 2245
15, 0, 0, 0, 0, 2243
0, 0, 0, 0, 0, 2141
1, 0, 0, 0, 0, 2142
2, 0, 0, 0, 0, 2041
3, 0, 0, 0, 0, 2047
4, 0, 0, 0, 0, 1947
5, 0, 0, 0, 0, 1947
6, 0, 0, 0, 0, 1845
7, 0, 0, 0, 0, 1840
8, 0, 0, 0, 0, 1743
9, 0, 0, 0, 0, 1740
10, 0, 0, 0, 0, 1640
11, 0, 0, 0, 0, 1642
12, 0, 0, 0, 0, 1530
13, 0, 0, 0, 0, 1535
14, 0, 0, 0, 0, 1429
15, 0, 0, 0, 0, 1434
0, 0, 0, 0, 0, 1335
1, 0, 0, 0, 0, 1328
2, 0, 0, 0, 0, 1235
3, 0, 0, 0, 0, 1232
4, 0, 0, 0, 0, 1137
5, 0, 0, 0, 0, 1136
6, 0, 0, 0, 0, 1037
7, 0, 0, 0, 0, 1037
8, 0, 0, 0, 0, 938
9, 0, 0, 0, 0, 941
10, 0, 0, 0, 0, 846
11, 0, 0, 0, 0, 843
12, 0, 0, 0, 0, 761
13, 0, 0, 0, 0, 758
14, 0, 0, 0, 0, 677
15, 0, 0, 0, 0, 673
0, 0, 0, 0, 0, 595
1, 0, 0, 0, 0, 597
2, 0, 0, 0, 0, 519
3, 0, 0, 0, 0, 527
4, 0, 0, 0, 0, 448
5, 0, 0, 0, 0, 448
6, 0, 0, 0, 0, 378
7, 0, 0, 0, 0, 381
8, 0, 0, 0, 0, 321
9, 0, 0, 0, 0, 326
10, 0, 0, 0, 0, 262
11, 0, 0, 0, 0, 264
12, 0, 0, 0, 0, 209
13, 0, 0, 0, 0, 208
14, 0, 0, 0, 0, 165
15, 0, 0, 0, 0, 166
0, 0, 0, 0, 0, 128
1, 0, 0, 0, 0, 130
2, 0, 0, 0, 0, 94
3, 0, 0, 0, 0, 90
4, 0, 0, 0, 0, 66
5, 0, 0, 0, 0, 63
6, 0, 0, 0, 0, 43
7, 0, 0, 0, 0, 48
8, 0, 0, 0, 0, 31
9, 0, 0, 0, 0, 26
10, 0, 0, 0, 0, 18
11, 0, 0, 0, 0, 16
12, 0, 0, 0, 0, 16
13, 0, 0, 0, 0, 15
14, 0, 0, 0, 0, 21
15, 0, 0, 0, 0, 16
0, 0, 0, 0, 0, 29
1, 0, 0, 0, 0, 25
2, 0, 0, 0, 0, 46
3, 0, 0, 0, 0, 45
4, 0, 0, 0, 0, 64
5, 0, 0, 0, 0, 65
6, 0, 0, 0, 0, 96
7, 0, 0, 0, 0, 96
8, 0, 0, 0, 0, 128
9, 0, 0, 0, 0, 122
10, 0, 0, 0, 0, 167
11, 0, 0, 0, 0, 163
12, 0, 0, 0, 0, 211
13, 0, 0, 0, 0, 211
14, 0, 0, 0, 0, 270
15, 0, 0, 0, 0, 272
0, 0, 0, 0, 0, 326
1, 0, 0, 0, 0, 321
2, 0, 0, 0, 0, 382
3, 0, 0, 0, 0, 384
4, 0, 0, 0, 0, 448
5, 0, 0, 0, 0, 451
6, 0, 0, 0, 0, 524
7, 0, 0, 0, 0, 522
8, 0, 0, 0, 0, 593
9, 0, 0, 0, 0, 597
10, 0, 0, 0, 0, 681
11, 0, 0, 0, 0, 684
12, 0, 0, 0, 0, 759
13, 0, 0, 0, 0, 759
14, 0, 0, 0, 0, 850
15, 0, 0, 0, 0, 848
0, 0, 0, 0, 0, 935
1, 0, 0, 0, 0, 934
2, 0, 0, 0, 0, 1036
3, 0, 0, 0, 0, 1035
4, 0, 0, 0, 0, 1136
5, 0, 0, 0, 0, 1135
6, 0, 0, 0, 0, 1231
7, 0, 0, 0, 0, 1229
8, 0, 0, 0, 0, 1332
9, 0, 0, 0, 0, 1330
10, 0, 0, 0, 0, 1429
11, 0, 0, 0, 0, 1429
12, 0, 0, 0, 0, 1533
13, 0, 0, 0, 0, 1535
14, 0, 0, 0, 0, 1645
15, 0, 0, 0, 0, 1643
0, 0, 0, 0, 0, 1742
1, 0, 0, 0, 0, 1746
2, 0, 0, 0, 0, 1842
3, 0, 0, 0, 0, 1846
4, 0, 0, 0, 0, 1951
5, 0, 0, 0, 0, 1939
6, 0, 0, 0, 0, 2046
7, 0, 0, 0, 0, 2038
8, 0, 0, 0, 0, 2143
9, 0, 0, 0, 0, 2149
10, 0, 0, 0, 0, 2243
11, 0, 0, 0, 0, 2240
12, 0, 0, 0, 0, 2337
13, 0, 0, 0, 0, 2336
14, 0, 0, 0, 0, 2425
15, 0, 0, 0, 0, 2427
0, 0, 0, 0, 0, 2516
1, 0, 0, 0, 0, 2511
2, 0, 0, 0, 0, 2603
3, 0, 0, 0, 0, 2603
4, 0, 0, 0, 0, 2688
5, 0, 0, 0, 0, 2688
6, 0, 0, 0, 0, 2768
7, 0, 0, 0, 0, 2768
8, 0, 0, 0, 0, 2845
9, 0, 0, 0, 0, 2845
10, 0, 0, 0, 0, 2927
11, 0, 0, 0, 0, 2919
12, 0, 0, 0, 0, 2993
13, 0, 0, 0, 0, 2992
14, 0, 0, 0, 0, 3060
15, 0, 0, 0, 0, 3063
0, 0, 0, 0, 0, 3135
1, 0, 0, 0, 0, 3136
2, 0, 0, 0, 0, 3190
3, 0, 0, 0, 0, 3195
4, 0, 0, 0, 0, 3250
5, 0, 0, 0, 0, 3248
6, 0, 0, 0, 0, 3302
7, 0, 0, 0, 0, 3305
8, 0, 0, 0, 0, 3344
9, 0, 0, 0, 0, 3343
10, 0, 0, 0, 0, 3381
11, 0, 0, 0, 0, 3379
12, 0, 0, 0, 0, 3394
13, 0, 0, 0, 0, 3399
14, 0, 0, 0, 0, 3422
15, 0, 0, 0, 0, 3415
0, 0, 0, 0, 0, 3427
1, 0, 0, 0, 0, 3417
2, 0, 0, 0, 0, 3418
3, 0, 0, 0, 0, 3417
4, 0, 0, 0, 0, 3406
5, 0, 0, 0, 0, 3406
6, 0, 0, 0, 0, 3376
7, 0, 0, 0, 0, 3376
8, 0, 0, 0, 0, 3344
9, 0, 0, 0, 0, 3348
10, 0, 0, 0, 0, 3298
11, 0, 0, 0, 0, 3306
12, 0, 0, 0, 0, 3250
13, 0, 0, 0, 0, 3248
14, 0, 0, 0, 0, 3186
15, 0, 0, 0, 0, 3203
0, 0, 0, 0, 0, 3135
1, 0, 0, 0, 0, 3137
2, 0, 0, 0, 0, 3063
3, 0, 0, 0, 0, 3060
4, 0, 0, 0, 0, 2994
5, 0, 0, 0, 0, 2993
6, 0, 0, 0, 0, 2923
7, 0, 0, 0, 0, 2928
8, 0, 0, 0, 0, 2847
9, 0, 0, 0, 0, 2839
10, 0, 0, 0, 0, 2765
11, 0, 0, 0, 0, 2768
12, 0, 0, 0, 0, 2687
13, 0, 0, 0, 0, 2686
14, 0, 0, 0, 0, 2608
15, 0, 0, 0, 0, 2605
0, 0, 0, 0, 0, 2512
1, 0, 0, 0, 0, 2515
2, 0, 0, 0, 0, 2421
3, 0, 0, 0, 0, 2427
4, 0, 0, 0, 0, 2331
5, 0, 0, 0, 0, 2337
6, 0, 0, 0, 0, 2240
7, 0, 0, 0, 0, 2242
8, 0, 0, 0, 0, 2149
9, 0, 0, 0, 0, 2149
10, 0, 0, 0, 0, 2047
11, 0, 0, 0, 0, 2042
12, 0, 0, 0, 0, 1947
13, 0, 0, 0, 0, 1945
14, 0, 0, 0, 0, 1840
15, 0, 0, 0, 0, 1846
0, 0, 0, 0, 0, 1742
1, 0, 0, 0, 0, 1744
2, 0, 0, 0, 0, 1643
3, 0, 0, 0, 0, 1643
4, 0, 0, 0, 0, 1535
5, 0, 0, 0, 0, 1535
6, 0, 0, 0, 0, 1431
7, 0, 0, 0, 0, 1436
8, 0, 0, 0, 0, 1328
9, 0, 0, 0, 0, 1335
10, 0, 0, 0, 0, 1231
11, 0, 0, 0, 0, 1229
12, 0, 0, 0, 0, 1136
13, 0, 0, 0, 0, 1136
14, 0, 0, 0, 0, 1040
15, 0, 0, 0, 0, 1035
0, 0, 0, 0, 0, 944
1, 0, 0, 0, 0, 938
2, 0, 0, 0, 0, 849
3, 0, 0, 0, 0, 848
4, 0, 0, 0, 0, 753
5, 0, 0, 0, 0, 759
6, 0, 0, 0, 0, 683
7, 0, 0, 0, 0, 677
8, 0, 0, 0, 0, 599
9, 0, 0, 0, 0, 599
10, 0, 0, 0, 0, 523
11, 0, 0, 0, 0, 523
12, 0, 0, 0, 0, 447
13, 0, 0, 0, 0, 451
14, 0, 0, 0, 0, 382
15, 0, 0, 0, 0, 379
0, 0, 0, 0, 0, 320
1, 0, 0, 0, 0, 320
2, 0, 0, 0, 0, 261
3, 0, 0, 0, 0, 270
4, 0, 0, 0, 0, 211
5, 0, 0, 0, 0, 214
6, 0, 0, 0, 0, 173
7, 0, 0, 0, 0, 161
8, 0, 0, 0, 0, 121
9, 0, 0, 0, 0, 128
10, 0, 0, 0, 0, 88
11, 0, 0, 0, 0, 86
12, 0, 0, 0, 0, 64
13, 0, 0, 0, 0, 67
14, 0, 0, 0, 0, 48
15, 0, 0, 0, 0, 47
0, 0, 0, 0, 0, 28
1, 0, 0, 0, 0, 30
2, 0, 0, 0, 0, 18
3, 0, 0, 0, 0, 16
4, 0, 0, 0, 0, 16
5, 0, 0, 0, 0, 16
6, 0, 0, 0, 0, 19
7, 0, 0, 0, 0, 22
8, 0, 0, 0, 0, 26
9, 0, 0, 0, 0, 24
10, 0, 0, 0, 0, 43
11, 0, 0, 0, 0, 46
12, 0, 0, 0, 0, 68
13, 0, 0, 0, 0, 64
14, 0, 0, 0, 0, 90
15, 0, 0, 0, 0, 90
0, 0, 0, 0, 0, 125
1, 0, 0, 0, 0, 126
2, 0, 0, 0, 0, 165
3, 0, 0, 0, 0, 166
4, 0, 0, 0, 0, 211
5, 0, 0, 0, 0, 211
6, 0, 0, 0, 0, 263
7, 0, 0, 0, 0, 266
8, 0, 0, 0, 0, 315
9, 0, 0, 0, 0, 315
10, 0, 0, 0, 0, 383
11, 0, 0, 0, 0, 381
12, 0, 0, 0, 0, 446
13, 0, 0, 0, 0, 445
14, 0, 0, 0, 0, 529
15, 0, 0, 0, 0, 527
0, 0, 0, 0, 0, 592
1, 0, 0, 0, 0, 595
2, 0, 0, 0, 0, 674
3, 0, 0, 0, 0, 675
4, 0, 0, 0, 0, 758
5, 0, 0, 0, 0, 757
6, 0, 0, 0, 0, 848
7, 0, 0, 0, 0, 847
8, 0, 0, 0, 0, 938
9, 0, 0, 0, 0, 939
10, 0, 0, 0, 0, 1039
11, 0, 0, 0, 0, 1039
12, 0, 0, 0, 0, 1136
13, 0, 0, 0, 0, 1136
14, 0, 0, 0, 0, 1229
15, 0, 0, 0, 0, 1231
0, 0, 0, 0, 0, 1330
1, 0, 0, 0, 0, 1331
2, 0, 0, 0, 0, 1430
3, 0, 0, 0, 0, 1428
4, 0, 0, 0, 0, 1533
5, 0, 0, 0, 0, 1531
6, 0, 0, 0, 0, 1643
7, 0, 0, 0, 0, 1645
8, 0, 0, 0, 0, 1744
9, 0, 0, 0, 0, 1744
10, 0, 0, 0, 0, 1843
11, 0, 0, 0, 0, 1843
12, 0, 0, 0, 0, 1941
13, 0, 0, 0, 0, 1942
14, 0, 0, 0, 0, 2042
15, 0, 0, 0, 0, 2043
0, 0, 0, 0, 0, 2146
1, 0, 0, 0, 0, 2147
2, 0, 0, 0, 0, 2235
3, 0, 0, 0, 0, 2242
4, 0, 0, 0, 0, 2331
5, 0, 0, 0, 0, 2335
6, 0, 0, 0, 0, 2421
7, 0, 0, 0, 0, 2427
8, 0, 0, 0, 0, 2516
9, 0, 0, 0, 0, 2513
10, 0, 0, 0, 0, 2607
11, 0, 0, 0, 0, 2605
12, 0, 0, 0, 0, 2687
13, 0, 0, 0, 0, 2688
14, 0, 0, 0, 0, 2769
15, 0, 0, 0, 0, 2769
0, 0, 0, 0, 0, 2845
1, 0, 0, 0, 0, 2848
2, 0, 0, 0, 0, 2923
3, 0, 0, 0, 0, 2923
4, 0, 0, 0, 0, 2996
5, 0, 0, 0, 0, 2993
6, 0, 0, 0, 0, 3062
7, 0, 0, 0, 0, 3062
8, 0, 0, 0, 0, 3132
9, 0, 0, 0, 0, 3133
10, 0, 0, 0, 0, 3198
11, 0, 0, 0, 0, 3195
12, 0, 0, 0, 0, 3255
13, 0, 0, 0, 0, 3251
14, 0, 0, 0, 0, 3297
15, 0, 0, 0, 0, 3303
0, 0, 0, 0, 0, 3347
1, 0, 0, 0, 0, 3344
2, 0, 0, 0, 0, 3383
3, 0, 0, 0, 0, 3376
4, 0, 0, 0, 0, 3398
5, 0, 0, 0, 0, 3411
6, 0, 0, 0, 0, 3417
7, 0, 0, 0, 0, 3419
8, 0, 0, 0, 0, 3426
9, 0, 0, 0, 0, 3425
10, 0, 0, 0, 0, 3419
11, 0, 0, 0, 0, 3422
12, 0, 0, 0, 0, 3402
13, 0, 0, 0, 0, 3405
14, 0, 0, 0, 0, 3376
15, 0, 0, 0, 0, 3379
0, 0, 0, 0, 0, 3344
1, 0, 0, 0, 0, 3339
2, 0, 0, 0, 0, 3306
3, 0, 0, 0, 0, 3301
4, 0, 0, 0, 0, 3248
5, 0, 0, 0, 0, 3251
6, 0, 0, 0, 0, 3200
7, 0, 0, 0, 0, 3199
8, 0, 0, 0, 0, 3129
9, 0, 0, 0, 0, 3131
10, 0, 0, 0, 0, 3059
11, 0, 0, 0, 0, 3062
12, 0, 0, 0, 0, 2992
13, 0, 0, 0, 0, 2987
14, 0, 0, 0, 0, 2926
15, 0, 0, 0, 0, 2923
0, 0, 0, 0, 0, 2842
1, 0, 0, 0, 0, 2842
2, 0, 0, 0, 0, 2767
3, 0, 0, 0, 0, 2768
4, 0, 0, 0, 0, 2687
5, 0, 0, 0, 0, 2682
6, 0, 0, 0, 0, 2608
7, 0, 0, 0, 0, 2608
8, 0, 0, 0, 0, 2513
9, 0, 0, 0, 0, 2517
10, 0, 0, 0, 0, 2423
11, 0, 0, 0, 0, 2421
12, 0, 0, 0, 0, 2334
13, 0, 0, 0, 0, 2332
14, 0, 0, 0, 0, 2242
15, 0, 0, 0, 0, 2241
0, 0, 0, 0, 0, 2150
1, 0, 0, 0, 0, 2141
2, 0, 0, 0, 0, 2038
3, 0, 0, 0, 0, 2042
4, 0, 0, 0, 0, 1945
5, 0, 0, 0, 0, 1945
6, 0, 0, 0, 0, 1842
7, 0, 0, 0, 0, 1844
8, 0, 0, 0, 0, 1742
9, 0, 0, 0, 0, 1737
10, 0, 0, 0, 0, 1638
11, 0, 0, 0, 0, 1643
12, 0, 0, 0, 0, 1542
13, 0, 0, 0, 0, 1535
14, 0, 0, 0, 0, 1435
15, 0, 0, 0, 0, 1435
0, 0, 0, 0, 0, 1330
1, 0, 0, 0, 0, 1329
2, 0, 0, 0, 0, 1238
3, 0, 0, 0, 0, 1230
4, 0, 0, 0, 0, 1130
5, 0, 0, 0, 0, 1136
6, 0, 0, 0, 0, 1040
7, 0, 0, 0, 0, 1038
8, 0, 0, 0, 0, 943
9, 0, 0, 0, 0, 939
10, 0, 0, 0, 0, 849
11, 0, 0, 0, 0, 847
12, 0, 0, 0, 0, 758
13, 0, 0, 0, 0, 759
14, 0, 0, 0, 0, 678
15, 0, 0, 0, 0, 671
0, 0, 0, 0, 0, 598
1, 0, 0, 0, 0, 598
2, 0, 0, 0, 0, 528
3, 0, 0, 0, 0, 526
4, 0, 0, 0, 0, 448
5, 0, 0, 0, 0, 446
6, 0, 0, 0, 0, 379
7, 0, 0, 0, 0, 381
8, 0, 0, 0, 0, 322
9, 0, 0, 0, 0, 319
10, 0, 0, 0, 0, 261
11, 0, 0, 0, 0, 261
12, 0, 0, 0, 0, 211
13, 0, 0, 0, 0, 209
14, 0, 0, 0, 0, 166
15, 0, 0, 0, 0, 165
0, 0, 0, 0, 0, 122
1, 0, 0, 0, 0, 125
2, 0, 0, 0, 0, 100
3, 0, 0, 0, 0, 93
4, 0, 0, 0, 0, 61
5, 0, 0, 0, 0, 63
6, 0, 0, 0, 0, 49
7, 0, 0, 0, 0, 44
8, 0, 0, 0, 0, 33
9, 0, 0, 0, 0, 30
10, 0, 0, 0, 0, 22
11, 0, 0, 0, 0, 23
12, 0, 0, 0, 0, 16
13, 0, 0, 0, 0, 16
14, 0, 0, 0, 0, 16
15, 0, 0, 0, 0, 16
0, 0, 0, 0, 0, 26
1, 0, 0, 0, 0, 30
2, 0, 0, 0, 0, 47
3, 0, 0, 0, 0, 47
4, 0, 0, 0, 0, 64
5, 0, 0, 0, 0, 62
6, 0, 0, 0, 0, 91
7, 0, 0, 0, 0, 93
8, 0, 0, 0, 0, 128
9, 0, 0, 0, 0, 128
10, 0, 0, 0, 0, 173
11, 0, 0, 0, 0, 171
12, 0, 0, 0, 0, 208
13, 0, 0, 0, 0, 211
14, 0, 0, 0, 0, 267
15, 0, 0, 0, 0, 258
0, 0, 0, 0, 0, 327
1, 0, 0, 0, 0, 320
2, 0, 0, 0, 0, 382
3, 0, 0, 0, 0, 378
4, 0, 0, 0, 0, 449
5, 0, 0, 0, 0, 442
6, 0, 0, 0, 0, 521
7, 0, 0, 0, 0, 519
8, 0, 0, 0, 0, 596
9, 0, 0, 0, 0, 597
10, 0, 0, 0, 0, 673
11, 0, 0, 0, 0, 675
12, 0, 0, 0, 0, 759
13, 0, 0, 0, 0, 765
14, 0, 0, 0, 0, 848
15, 0, 0, 0, 0, 850
0, 0, 0, 0, 0, 942
1, 0, 0, 0, 0, 944
2, 0, 0, 0, 0, 1039
3, 0, 0, 0, 0, 1040
4, 0, 0, 0, 0, 1130
5, 0, 0, 0, 0, 1136
6, 0, 0, 0, 0, 1232
7, 0, 0, 0, 0, 1231
8, 0, 0, 0, 0, 1330
9, 0, 0, 0, 0, 1332
10, 0, 0, 0, 0, 1426
11, 0, 0, 0, 0, 1430
12, 0, 0, 0, 0, 1535
13, 0, 0, 0, 0, 1535
14, 0, 0, 0, 0, 1641
15, 0, 0, 0, 0, 1647
0, 0, 0, 0, 0, 1741
1, 0, 0, 0, 0, 1746
2, 0, 0, 0, 0, 1840
3, 0, 0, 0, 0, 1842
4, 0, 0, 0, 0, 1942
5, 0, 0, 0, 0, 1939
6, 0, 0, 0, 0, 2043
7, 0, 0, 0, 0, 2042
8, 0, 0, 0, 0, 2146
9, 0, 0, 0, 0, 2146
10, 0, 0, 0, 0, 2240
11, 0, 0, 0, 0, 2243
12, 0, 0, 0, 0, 2341
13, 0, 0, 0, 0, 2333
14, 0, 0, 0, 0, 2427
15, 0, 0, 0, 0, 2422
0, 0, 0, 0, 0, 2512
1, 0, 0, 0, 0, 2513
2, 0, 0, 0, 0, 2607
3, 0, 0, 0, 0, 2607
4, 0, 0, 0, 0, 2688
5, 0, 0, 0, 0, 2683
6, 0, 0, 0, 0, 2768
7, 0, 0, 0, 0, 2769
8, 0, 0, 0, 0, 2848
9, 0, 0, 0, 0, 2847
10, 0, 0, 0, 0, 2923
11, 0, 0, 0, 0, 2925
12, 0, 0, 0, 0, 2992
13, 0, 0, 0, 0, 2996
14, 0, 0, 0, 0, 3059
15, 0, 0, 0, 0, 3059
0, 0, 0, 0, 0, 3136
1, 0, 0, 0, 0, 3136
2, 0, 0, 0, 0, 3197
3, 0, 0, 0, 0, 3202
4, 0, 0, 0, 0, 3251
5, 0, 0, 0, 0, 3253
6, 0, 0, 0, 0, 3306
7, 0, 0, 0, 0, 3295
8, 0, 0, 0, 0, 3344
9, 0, 0, 0, 0, 3345
10, 0, 0, 0, 0, 3380
11, 0, 0, 0, 0, 3376
12, 0, 0, 0, 0, 3398
13, 0, 0, 0, 0, 3408
14, 0, 0, 0, 0, 3423
15, 0, 0, 0, 0, 3413
0, 0, 0, 0, 0, 3417
1, 0, 0, 0, 0, 3425
2, 0, 0, 0, 0, 3423
3, 0, 0, 0, 0, 3422
4, 0, 0, 0, 0, 3403
5, 0, 0, 0, 0, 3397
6, 0, 0, 0, 0, 3379
7, 0, 0, 0, 0, 3378
8, 0, 0, 0, 0, 3349
9, 0, 0, 0, 0, 3344
10, 0, 0, 0, 0, 3301
11, 0, 0, 0, 0, 3302
12, 0, 0, 0, 0, 3250
13, 0, 0, 0, 0, 3250
14, 0, 0, 0, 0, 3197
15, 0, 0, 0, 0, 3197
0, 0, 0, 0, 0, 3137
1, 0, 0, 0, 0, 3125
2, 0, 0, 0, 0, 3057
3, 0, 0, 0, 0, 3067
4, 0, 0, 0, 0, 2992
5, 0, 0, 0, 0, 2996
6, 0, 0, 0, 0, 2919
7, 0, 0, 0, 0, 2921
8, 0, 0, 0, 0, 2846
9, 0, 0, 0, 0, 2846
10, 0, 0, 0, 0, 2768
11, 0, 0, 0, 0, 2769
12, 0, 0, 0, 0, 2687
13, 0, 0, 0, 0, 2689
14, 0, 0, 0, 0, 2608
15, 0, 0, 0, 0, 2604
0, 0, 0, 0, 0, 2512
1, 0, 0, 0, 0, 2512
2, 0, 0, 0, 0, 2429
3, 0, 0, 0, 0, 2431
4, 0, 0, 0, 0, 2338
5, 0, 0, 0, 0, 2335
6, 0, 0, 0, 0, 2239
7, 0, 0, 0, 0, 2240
8, 0, 0, 0, 0, 2149
9, 0, 0, 0, 0, 2147
10, 0, 0, 0, 0, 2039
11, 0, 0, 0, 0, 2047
12, 0, 0, 0, 0, 1945
13, 0, 0, 0, 0, 1947
14, 0, 0, 0, 0, 1842
15, 0, 0, 0, 0, 1841
0, 0, 0, 0, 0, 1745
1, 0, 0, 0, 0, 1740
2, 0, 0, 0, 0, 1637
3, 0, 0, 0, 0, 1637
4, 0, 0, 0, 0, 1547
5, 0, 0, 0, 0, 1547
6, 0, 0, 0, 0, 1437
7, 0, 0, 0, 0, 1426
8, 0, 0, 0, 0, 1328
9, 0, 0, 0, 0, 1331
10, 0, 0, 0, 0, 1231
11, 0, 0, 0, 0, 1232
12, 0, 0, 0, 0, 1136
13, 0, 0, 0, 0, 1133
14, 0, 0, 0, 0, 1040
15, 0, 0, 0, 0, 1040
0, 0, 0, 0, 0, 935
1, 0, 0, 0, 0, 944
2, 0, 0, 0, 0, 850
3, 0, 0, 0, 0, 845
4, 0, 0, 0, 0, 754
5, 0, 0, 0, 0, 762
6, 0, 0, 0, 0, 671
7, 0, 0, 0, 0, 678
8, 0, 0, 0, 0, 593
9, 0, 0, 0, 0, 594
10, 0, 0, 0, 0, 524
11, 0, 0, 0, 0, 527
12, 0, 0, 0, 0, 447
13, 0, 0, 0, 0, 442
14, 0, 0, 0, 0, 385
15, 0, 0, 0, 0, 382
0, 0, 0, 0, 0, 321
1, 0, 0, 0, 0, 322
2, 0, 0, 0, 0, 265
3, 0, 0, 0, 0, 266
4, 0, 0, 0, 0, 211
5, 0, 0, 0, 0, 213
6, 0, 0, 0, 0, 172
7, 0, 0, 0, 0, 167
8, 0, 0, 0, 0, 128
9, 0, 0, 0, 0, 123
10, 0, 0, 0, 0, 98
11, 0, 0, 0, 0, 98
12, 0, 0, 0, 0, 67
13, 0, 0, 0, 0, 67
14, 0, 0, 0, 0, 37
15, 0, 0, 0, 0, 49
0, 0, 0, 0, 0, 28
1, 0, 0, 0, 0, 29
2, 0, 0, 0, 0, 13
3, 0, 0, 0, 0, 15
4, 0, 0, 0, 0, 16
5, 0, 0, 0, 0, 18
6, 0, 0, 0, 0, 15
7, 0, 0, 0, 0, 16
8, 0, 0, 0, 0, 33
9, 0, 0, 0, 0, 32
10, 0, 0, 0, 0, 49
11, 0, 0, 0, 0, 48
12, 0, 0, 0, 0, 64
13, 0, 0, 0, 0, 64
14, 0, 0, 0, 0, 87
15, 0, 0, 0, 0, 97
0, 0, 0, 0, 0, 124
1, 0, 0, 0, 0, 130
2, 0, 0, 0, 0, 163
3, 0, 0, 0, 0, 165
4, 0, 0, 0, 0, 212
5, 0, 0, 0, 0, 209
6, 0, 0, 0, 0, 267
7, 0, 0, 0, 0, 267
8, 0, 0, 0, 0, 317
9, 0, 0, 0, 0, 320
10, 0, 0, 0, 0, 381
11, 0, 0, 0, 0, 383
12, 0, 0, 0, 0, 441
13, 0, 0, 0, 0, 444
14, 0, 0, 0, 0, 526
15, 0, 0, 0, 0, 524
0, 0, 0, 0, 0, 592
1, 0, 0, 0, 0, 599
2, 0, 0, 0, 0, 672
3, 0, 0, 0, 0, 677
4, 0, 0, 0, 0, 753
5, 0, 0, 0, 0, 762
6, 0, 0, 0, 0, 851
7, 0, 0, 0, 0, 847
8, 0, 0, 0, 0, 944
9, 0, 0, 0, 0, 941
10, 0, 0, 0, 0, 1040
11, 0, 0, 0, 0, 1031
12, 0, 0, 0, 0, 1134
13, 0, 0, 0, 0, 1136
14, 0, 0, 0, 0, 1231
15, 0, 0, 0, 0, 1230
0, 0, 0, 0, 0, 1329
1, 0, 0, 0, 0, 1333
2, 0, 0, 0, 0, 1431
3, 0, 0, 0, 0, 1429
4, 0, 0, 0, 0, 1534
5, 0, 0, 0, 0, 1535
6, 0, 0, 0, 0, 1642
7, 0, 0, 0, 0, 1646
8, 0, 0, 0, 0, 1739
9, 0, 0, 0, 0, 1746
10, 0, 0, 0, 0, 1842
11, 0, 0, 0, 0, 1841
12, 0, 0, 0, 0, 1945
13, 0, 0, 0, 0, 1939
14, 0, 0, 0, 0, 2043
15, 0, 0, 0, 0, 2047
0, 0, 0, 0, 0, 2144
1, 0, 0, 0, 0, 2141
2, 0, 0, 0, 0, 2237
3, 0, 0, 0, 0, 2240
4, 0, 0, 0, 0, 2336
5, 0, 0, 0, 0, 2333
6, 0, 0, 0, 0, 2423
7, 0, 0, 0, 0, 2432
8, 0, 0, 0, 0, 2512
9, 0, 0, 0, 0, 2516
10, 0, 0, 0, 0, 2607
11, 0, 0, 0, 0, 2608
12, 0, 0, 0, 0, 2688
13, 0, 0, 0, 0, 2687
14, 0, 0, 0, 0, 2767
15, 0, 0, 0, 0, 2768
0, 0, 0, 0, 0, 2841
1, 0, 0, 0, 0, 2845
2, 0, 0, 0, 0, 2923
3, 0, 0, 0, 0, 2927
4, 0, 0, 0, 0, 2991
5, 0, 0, 0, 0, 2991
6, 0, 0, 0, 0, 3061
7, 0, 0, 0, 0, 3061
8, 0, 0, 0, 0, 3129
9, 0, 0, 0, 0, 3130
10, 0, 0, 0, 0, 3191
11, 0, 0, 0, 0, 3195
12, 0, 0, 0, 0, 3248
13, 0, 0, 0, 0, 3251
14, 0, 0, 0, 0, 3306
15, 0, 0, 0, 0, 3303
0, 0, 0, 0, 0, 3344
1, 0, 0, 0, 0, 3344
2, 0, 0, 0, 0, 3379
3, 0, 0, 0, 0, 3376
4, 0, 0, 0, 0, 3408
5, 0, 0, 0, 0, 3404
6, 0, 0, 0, 0, 3423
7, 0, 0, 0, 0, 3421
8, 0, 0, 0, 0, 3414
9, 0, 0, 0, 0, 3423
10, 0, 0, 0, 0, 3423
11, 0, 0, 0, 0, 3411
12, 0, 0, 0, 0, 3392
13, 0, 0, 0, 0, 3402
14, 0, 0, 0, 0, 3367
15, 0, 0, 0, 0, 3377
0, 0, 0, 0, 0, 3335
1, 0, 0, 0, 0, 3345
2, 0, 0, 0, 0, 3302
3, 0, 0, 0, 0, 3303
4, 0, 0, 0, 0, 3255
5, 0, 0, 0, 0, 3254
6, 0, 0, 0, 0, 3203
7, 0, 0, 0, 0, 3193
8, 0, 0, 0, 0, 3129
9, 0, 0, 0, 0, 3130
10, 0, 0, 0, 0, 3059
11, 0, 0, 0, 0, 3062
12, 0, 0, 0, 0, 2987
13, 0, 0, 0, 0, 2992
14, 0, 0, 0, 0, 2923
15, 0, 0, 0, 0, 2917
0, 0, 0, 0, 0, 2849
1, 0, 0, 0, 0, 2848
2, 0, 0, 0, 0, 2766
3, 0, 0, 0, 0, 2765
4, 0, 0, 0, 0, 2690
5, 0, 0, 0, 0, 2687
6, 0, 0, 0, 0, 2606
7, 0, 0, 0, 0, 2608
8, 0, 0, 0, 0, 2513
9, 0, 0, 0, 0, 2512
10, 0, 0, 0, 0, 2426
11, 0, 0, 0, 0, 2425
12, 0, 0, 0, 0, 2336
13, 0, 0, 0, 0, 2331
14, 0, 0, 0, 0, 2243
15, 0, 0, 0, 0, 2237
0, 0, 0, 0, 0, 2142
1, 0, 0, 0, 0, 2143
2, 0, 0, 0, 0, 2045
3, 0, 0, 0, 0, 2040
4, 0, 0, 0, 0, 1946
5, 0, 0, 0, 0, 1937
6, 0, 0, 0, 0, 1840
7, 0, 0, 0, 0, 1841
8, 0, 0, 0, 0, 1739
9, 0, 0, 0, 0, 1744
10, 0, 0, 0, 0, 1637
11, 0, 0, 0, 0, 1638
12, 0, 0, 0, 0, 1533
13, 0, 0, 0, 0, 1548
14, 0, 0, 0, 0, 1437
15, 0, 0, 0, 0, 1431
0, 0, 0, 0, 0, 1333
1, 0, 0, 0, 0, 1328
2, 0, 0, 0, 0, 1235
3, 0, 0, 0, 0, 1231
4, 0, 0, 0, 0, 1134
5, 0, 0, 0, 0, 1134
6, 0, 0, 0, 0, 1037
7, 0, 0, 0, 0, 1031
8, 0, 0, 0, 0, 939
9, 0, 0, 0, 0, 944
10, 0, 0, 0, 0, 843
11, 0, 0, 0, 0, 845
12, 0, 0, 0, 0, 757
13, 0, 0, 0, 0, 754
14, 0, 0, 0, 0, 675
15, 0, 0, 0, 0, 679
0, 0, 0, 0, 0, 593
1, 0, 0, 0, 0, 596
2, 0, 0, 0, 0, 518
3, 0, 0, 0, 0, 522
4, 0, 0, 0, 0, 444
5, 0, 0, 0, 0, 447
6, 0, 0, 0, 0, 380
7, 0, 0, 0, 0, 383
8, 0, 0, 0, 0, 323
9, 0, 0, 0, 0, 319
10, 0, 0, 0, 0, 267
11, 0, 0, 0, 0, 268
12, 0, 0, 0, 0, 208
13, 0, 0, 0, 0, 214
14, 0, 0, 0, 0, 170
15, 0, 0, 0, 0, 164
0, 0, 0, 0, 0, 128
1, 0, 0, 0, 0, 128
2, 0, 0, 0, 0, 93
3, 0, 0, 0, 0, 99
4, 0, 0, 0, 0, 63
5, 0, 0, 0, 0, 64
6, 0, 0, 0, 0, 48
7, 0, 0, 0, 0, 46
8, 0, 0, 0, 0, 27
9, 0, 0, 0, 0, 30
10, 0, 0, 0, 0, 17
11, 0, 0, 0, 0, 18
12, 0, 0, 0, 0, 16
13, 0, 0, 0, 0, 19
14, 0, 0, 0, 0, 16
15, 0, 0, 0, 0, 19
0, 0, 0, 0, 0, 29
1, 0, 0, 0, 0, 31
2, 0, 0, 0, 0, 47
3, 0, 0, 0, 0, 47
4, 0, 0, 0, 0, 68
5, 0, 0, 0, 0, 64
6, 0, 0, 0, 0, 91
7, 0, 0, 0, 0, 93
8, 0, 0, 0, 0, 123
9, 0, 0, 0, 0, 127
10, 0, 0, 0, 0, 165
11, 0, 0, 0, 0, 165
12, 0, 0, 0, 0, 209
13, 0, 0, 0, 0, 208
14, 0, 0, 0, 0, 261
15, 0, 0, 0, 0, 261
0, 0, 0, 0, 0, 322
1, 0, 0, 0, 0, 320
2, 0, 0, 0, 0, 387
3, 0, 0, 0, 0, 381
4, 0, 0, 0, 0, 445
5, 0, 0, 0, 0, 448
6, 0, 0, 0, 0, 520
7, 0, 0, 0, 0, 524
8, 0, 0, 0, 0, 601
9, 0, 0, 0, 0, 597
10, 0, 0, 0, 0, 682
11, 0, 0, 0, 0, 672
12, 0, 0, 0, 0, 759
13, 0, 0, 0, 0, 756
14, 0, 0, 0, 0, 849
15, 0, 0, 0, 0, 848
0, 0, 0, 0, 0, 943
1, 0, 0, 0, 0, 938
2, 0, 0, 0, 0, 1034
3, 0, 0, 0, 0, 1040
4, 0, 0, 0, 0, 1137
5, 0, 0, 0, 0, 1135
6, 0, 0, 0, 0, 1230
7, 0, 0, 0, 0, 1232
8, 0, 0, 0, 0, 1330
9, 0, 0, 0, 0, 1333
10, 0, 0, 0, 0, 1434
11, 0, 0, 0, 0, 1435
12, 0, 0, 0, 0, 1534
13, 0, 0, 0, 0, 1535
14, 0, 0, 0, 0, 1643
15, 0, 0, 0, 0, 1638
0, 0, 0, 0, 0, 1742
1, 0, 0, 0, 0, 1743
2, 0, 0, 0, 0, 1842
3, 0, 0, 0, 0, 1842
4, 0, 0, 0, 0, 1939
5, 0, 0, 0, 0, 1942
6, 0, 0, 0, 0, 2041
7, 0, 0, 0, 0, 2042
8, 0, 0, 0, 0, 2145
9, 0, 0, 0, 0, 2149
10, 0, 0, 0, 0, 2243
11, 0, 0, 0, 0, 2247
12, 0, 0, 0, 0, 2323
13, 0, 0, 0, 0, 2335
14, 0, 0, 0, 0, 2419
15, 0, 0, 0, 0, 2428
0, 0, 0, 0, 0, 2515
1, 0, 0, 0, 0, 2517
2, 0, 0, 0, 0, 2605
3, 0, 0, 0, 0, 2603
4, 0, 0, 0, 0, 2687
5, 0, 0, 0, 0, 2688
6, 0, 0, 0, 0, 2768
7, 0, 0, 0, 0, 2770
8, 0, 0, 0, 0, 2843
9, 0, 0, 0, 0, 2851
10, 0, 0, 0, 0, 2919
11, 0, 0, 0, 0, 2924
12, 0, 0, 0, 0, 2995
13, 0, 0, 0, 0, 2992
14, 0, 0, 0, 0, 3061
15, 0, 0, 0, 0, 3065
0, 0, 0, 0, 0, 3137
1, 0, 0, 0, 0, 3132
2, 0, 0, 0, 0, 3198
3, 0, 0, 0, 0, 3193
4, 0, 0, 0, 0, 3254
5, 0, 0, 0, 0, 3249
6, 0, 0, 0, 0, 3299
7, 0, 0, 0, 0, 3307
8, 0, 0, 0, 0, 3348
9, 0, 0, 0, 0, 3345
10, 0, 0, 0, 0, 3381
11, 0, 0, 0, 0, 3381
12, 0, 0, 0, 0, 3405
13, 0, 0, 0, 0, 3409
14, 0, 0, 0, 0, 3408
15, 0, 0, 0, 0, 3416
0, 0, 0, 0, 0, 3425
1, 0, 0, 0, 0, 3429
2, 0, 0, 0, 0, 3423
3, 0, 0, 0, 0, 3421
4, 0, 0, 0, 0, 3404
5, 0, 0, 0, 0, 3406
6, 0, 0, 0, 0, 3376
7, 0, 0, 0, 0, 3376
8, 0, 0, 0, 0, 3344
9, 0, 0, 0, 0, 3345
10, 0, 0, 0, 0, 3314
11, 0, 0, 0, 0, 3309
12, 0, 0, 0, 0, 3250
13, 0, 0, 0, 0, 3255
14, 0, 0, 0, 0, 3194
15, 0, 0, 0, 0, 3200
0, 0, 0, 0, 0, 3130
1, 0, 0, 0, 0, 3134
2, 0, 0, 0, 0, 3067
3, 0, 0, 0, 0, 3063
4, 0, 0, 0, 0, 2992
5, 0, 0, 0, 0, 2997
6, 0, 0, 0, 0, 2923
7, 0, 0, 0, 0, 2921
8, 0, 0, 0, 0, 2842
9, 0, 0, 0, 0, 2848
10, 0, 0, 0, 0, 2768
11, 0, 0, 0, 0, 2766
12, 0, 0, 0, 0, 2689
13, 0, 0, 0, 0, 2686
14, 0, 0, 0, 0, 2608
15, 0, 0, 0, 0, 2609
0, 0, 0, 0, 0, 2512
1, 0, 0, 0, 0, 2515
2, 0, 0, 0, 0, 2423
3, 0, 0, 0, 0, 2427
4, 0, 0, 0, 0, 2330
5, 0, 0, 0, 0, 2334
6, 0, 0, 0, 0, 2241
7, 0, 0, 0, 0, 2246
8, 0, 0, 0, 0, 2147
9, 0, 0, 0, 0, 2147
10, 0, 0, 0, 0, 2045
11, 0, 0, 0, 0, 2042
12, 0, 0, 0, 0, 1941
13, 0, 0, 0, 0, 1946
14, 0, 0, 0, 0, 1839
15, 0, 0, 0, 0, 1842
0, 0, 0, 0, 0, 1739
1, 0, 0, 0, 0, 1744
2, 0, 0, 0, 0, 1642
3, 0, 0, 0, 0, 1635
4, 0, 0, 0, 0, 1534
5, 0, 0, 0, 0, 1534
6, 0, 0, 0, 0, 1430
7, 0, 0, 0, 0, 1433
8, 0, 0, 0, 0, 1328
9, 0, 0, 0, 0, 1330
10, 0, 0, 0, 0, 1227
11, 0, 0, 0, 0, 1232
12, 0, 0, 0, 0, 1129
13, 0, 0, 0, 0, 1138
14, 0, 0, 0, 0, 1029
15, 0, 0, 0, 0, 1037
0, 0, 0, 0, 0, 944
1, 0, 0, 0, 0, 944
2, 0, 0, 0, 0, 848
3, 0, 0, 0, 0, 848
4, 0, 0, 0, 0, 752
5, 0, 0, 0, 0, 763
6, 0, 0, 0, 0, 683
7, 0, 0, 0, 0, 671
8, 0, 0, 0, 0, 592
9, 0, 0, 0, 0, 599
10, 0, 0, 0, 0, 523
11, 0, 0, 0, 0, 511
12, 0, 0, 0, 0, 449
13, 0, 0, 0, 0, 448
14, 0, 0, 0, 0, 382
15, 0, 0, 0, 0, 384
0, 0, 0, 0, 0, 321
1, 0, 0, 0, 0, 317
2, 0, 0, 0, 0, 270
3, 0, 0, 0, 0, 265
4, 0, 0, 0, 0, 211
5, 0, 0, 0, 0, 211
6, 0, 0, 0, 0, 162
7, 0, 0, 0, 0, 167
8, 0, 0, 0, 0, 123
9, 0, 0, 0, 0, 128
10, 0, 0, 0, 0, 94
11, 0, 0, 0, 0, 83
12, 0, 0, 0, 0, 63
13, 0, 0, 0, 0, 64
14, 0, 0, 0, 0, 46
15, 0, 0, 0, 0, 44
0, 0, 0, 0, 0, 25
1, 0, 0, 0, 0, 26
2, 0, 0, 0, 0, 24
3, 0, 0, 0, 0, 15
4, 0, 0, 0, 0, 16
5, 0, 0, 0, 0, 16
6, 0, 0, 0, 0, 18
7, 0, 0, 0, 0, 21
8, 0, 0, 0, 0, 27
9, 0, 0, 0, 0, 21
10, 0, 0, 0, 0, 46
11, 0, 0, 0, 0, 45
12, 0, 0, 0, 0, 61
13, 0, 0, 0, 0, 69
14, 0, 0, 0, 0, 90
15, 0, 0, 0, 0, 93
0, 0, 0, 0, 0, 122
1, 0, 0, 0, 0, 125
2, 0, 0, 0, 0, 171
3, 0, 0, 0, 0, 169
4, 0, 0, 0, 0, 208
5, 0, 0, 0, 0, 213
6, 0, 0, 0, 0, 266
7, 0, 0, 0, 0, 262
8, 0, 0, 0, 0, 320
9, 0, 0, 0, 0, 319
10, 0, 0, 0, 0, 384
11, 0, 0, 0, 0, 383
12, 0, 0, 0, 0, 447
13, 0, 0, 0, 0, 445
14, 0, 0, 0, 0, 523
15, 0, 0, 0, 0, 529
0, 0, 0, 0, 0, 595
1, 0, 0, 0, 0, 598
2, 0, 0, 0, 0, 678
3, 0, 0, 0, 0, 680
4, 0, 0, 0, 0, 765
5, 0, 0, 0, 0, 762
6, 0, 0, 0, 0, 845
7, 0, 0, 0, 0, 849
8, 0, 0, 0, 0, 939
9, 0, 0, 0, 0, 940
10, 0, 0, 0, 0, 1039
11, 0, 0, 0, 0, 1040
12, 0, 0, 0, 0, 1131
13, 0, 0, 0, 0, 1135
14, 0, 0, 0, 0, 1229
15, 0, 0, 0, 0, 1225
0, 0, 0, 0, 0, 1335
1, 0, 0, 0, 0, 1328
2, 0, 0, 0, 0, 1429
3, 0, 0, 0, 0, 1434
4, 0, 0, 0, 0, 1534
5, 0, 0, 0, 0, 1535
6, 0, 0, 0, 0, 1643
7, 0, 0, 0, 0, 1641
8, 0, 0, 0, 0, 1742
9, 0, 0, 0, 0, 1743
10, 0, 0, 0, 0, 1840
11, 0, 0, 0, 0, 1840
12, 0, 0, 0, 0, 1943
13, 0, 0, 0, 0, 1946
14, 0, 0, 0, 0, 2040
15, 0, 0, 0, 0, 2047
0, 0, 0, 0, 0, 2141
1, 0, 0, 0, 0, 2149
2, 0, 0, 0, 0, 2245
3, 0, 0, 0, 0, 2239
4, 0, 0, 0, 0, 2339
5, 0, 0, 0, 0, 2339
6, 0, 0, 0, 0, 2420
7, 0, 0, 0, 0, 2421
8, 0, 0, 0, 0, 2515
9, 0, 0, 0, 0, 2516
10, 0, 0, 0, 0, 2608
11, 0, 0, 0, 0, 2601
12, 0, 0, 0, 0, 2695
13, 0, 0, 0, 0, 2688
14, 0, 0, 0, 0, 2770
15, 0, 0, 0, 0, 2768
0, 0, 0, 0, 0, 2847
1, 0, 0, 0, 0, 2847
2, 0, 0, 0, 0, 2914
3, 0, 0, 0, 0, 2927
4, 0, 0, 0, 0, 2994
5, 0, 0, 0, 0, 2991
6, 0, 0, 0, 0, 3060
7, 0, 0, 0, 0, 3061
8, 0, 0, 0, 0, 3136
9, 0, 0, 0, 0, 3136
10, 0, 0, 0, 0, 3196
11, 0, 0, 0, 0, 3201
12, 0, 0, 0, 0, 3248
13, 0, 0, 0, 0, 3248
14, 0, 0, 0, 0, 3298
15, 0, 0, 0, 0, 3308
0, 0, 0, 0, 0, 3346
1, 0, 0, 0, 0, 3349
2, 0, 0, 0, 0, 3382
3, 0, 0, 0, 0, 3374
4, 0, 0, 0, 0, 3402
5, 0, 0, 0, 0, 3406
6, 0, 0, 0, 0, 3419
7, 0, 0, 0, 0, 3411
8, 0, 0, 0, 0, 3422
9, 0, 0, 0, 0, 3423
10, 0, 0, 0, 0, 3415
11, 0, 0, 0, 0, 3413
12, 0, 0, 0, 0, 3405
13, 0, 0, 0, 0, 3398
14, 0, 0, 0, 0, 3382
15, 0, 0, 0, 0, 3376
0, 0, 0, 0, 0, 3343
1, 0, 0, 0, 0, 3343
2, 0, 0, 0, 0, 3302
3, 0, 0, 0, 0, 3307
4, 0, 0, 0, 0, 3248
5, 0, 0, 0, 0, 3257
6, 0, 0, 0, 0, 3194
7, 0, 0, 0, 0, 3199
8, 0, 0, 0, 0, 3134
9, 0, 0, 0, 0, 3129
10, 0, 0, 0, 0, 3067
11, 0, 0, 0, 0, 3059
12, 0, 0, 0, 0, 2992
13, 0, 0, 0, 0, 2992
14, 0, 0, 0, 0, 2923
15, 0, 0, 0, 0, 2922
0, 0, 0, 0, 0, 2838
1, 0, 0, 0, 0, 2847
2, 0, 0, 0, 0, 2771
3, 0, 0, 0, 0, 2770
4, 0, 0, 0, 0, 2688
5, 0, 0, 0, 0, 2686
6, 0, 0, 0, 0, 2607
7, 0, 0, 0, 0, 2601
8, 0, 0, 0, 0, 2512
9, 0, 0, 0, 0, 2512
10, 0, 0, 0, 0, 2426
11, 0, 0, 0, 0, 2419
12, 0, 0, 0, 0, 2337
13, 0, 0, 0, 0, 2334
14, 0, 0, 0, 0, 2238
15, 0, 0, 0, 0, 2243
0, 0, 0, 0, 0, 2143
1, 0, 0, 0, 0, 2142
2, 0, 0, 0, 0, 2053
3, 0, 0, 0, 0, 2043
4, 0, 0, 0, 0, 1953
5, 0, 0, 0, 0, 1948
6, 0, 0, 0, 0, 1849
7, 0, 0, 0, 0, 1842
8, 0, 0, 0, 0, 1740
9, 0, 0, 0, 0, 1741
10, 0, 0, 0, 0, 1634
11, 0, 0, 0, 0, 1639
12, 0, 0, 0, 0, 1543
13, 0, 0, 0, 0, 1535
14, 0, 0, 0, 0, 1431
15, 0, 0, 0, 0, 1425
0, 0, 0, 0, 0, 1331
1, 0, 0, 0, 0, 1328
2, 0, 0, 0, 0, 1228
3, 0, 0, 0, 0, 1231
4, 0, 0, 0, 0, 1132
5, 0, 0, 0, 0, 1133
6, 0, 0, 0, 0, 1031
7, 0, 0, 0, 0, 1038
8, 0, 0, 0, 0, 944
9, 0, 0, 0, 0, 938
10, 0, 0, 0, 0, 846
11, 0, 0, 0, 0, 848
12, 0, 0, 0, 0, 755
13, 0, 0, 0, 0, 757
14, 0, 0, 0, 0, 671
15, 0, 0, 0, 0, 681
0, 0, 0, 0, 0, 593
1, 0, 0, 0, 0, 595
2, 0, 0, 0, 0, 522
3, 0, 0, 0, 0, 524
4, 0, 0, 0, 0, 448
5, 0, 0, 0, 0, 443
6, 0, 0, 0, 0, 380
7, 0, 0, 0, 0, 379
8, 0, 0, 0, 0, 321
9, 0, 0, 0, 0, 319
10, 0, 0, 0, 0, 261
11, 0, 0, 0, 0, 271
12, 0, 0, 0, 0, 208
13, 0, 0, 0, 0, 209
14, 0, 0, 0, 0, 170
15, 0, 0, 0, 0, 171
0, 0, 0, 0, 0, 128
1, 0, 0, 0, 0, 130
2, 0, 0, 0, 0, 89
3, 0, 0, 0, 0, 91
4, 0, 0, 0, 0, 64
5, 0, 0, 0, 0, 64
6, 0, 0, 0, 0, 45
7, 0, 0, 0, 0, 48
8, 0, 0, 0, 0, 27
9, 0, 0, 0, 0, 34
10, 0, 0, 0, 0, 22
11, 0, 0, 0, 0, 19
12, 0, 0, 0, 0, 16
13, 0, 0, 0, 0, 16
14, 0, 0, 0, 0, 27
15, 0, 0, 0, 0, 18
0, 0, 0, 0, 0, 29
1, 0, 0, 0, 0, 31
2, 0, 0, 0, 0, 48
3, 0, 0, 0, 0, 45
4, 0, 0, 0, 0, 64
5, 0, 0, 0, 0, 64
6, 0, 0, 0, 0, 98
7, 0, 0, 0, 0, 97
8, 0, 0, 0, 0, 123
9, 0, 0, 0, 0, 128
10, 0, 0, 0, 0, 163
11, 0, 0, 0, 0, 161
12, 0, 0, 0, 0, 209
13, 0, 0, 0, 0, 209
14, 0, 0, 0, 0, 262
15, 0, 0, 0, 0, 266
0, 0, 0, 0, 0, 320
1, 0, 0, 0, 0, 320
2, 0, 0, 0, 0, 382
3, 0, 0, 0, 0, 381
4, 0, 0, 0, 0, 447
5, 0, 0, 0, 0, 448
6, 0, 0, 0, 0, 528
7, 0, 0, 0, 0, 525
8, 0, 0, 0, 0, 598
9, 0, 0, 0, 0, 592
10, 0, 0, 0, 0, 673
11, 0, 0, 0, 0, 678
12, 0, 0, 0, 0, 761
13, 0, 0, 0, 0, 760
14, 0, 0, 0, 0, 848
15, 0, 0, 0, 0, 846
0, 0, 0, 0, 0, 943
1, 0, 0, 0, 0, 938
2, 0, 0, 0, 0, 1040
3, 0, 0, 0, 0, 1034
4, 0, 0, 0, 0, 1134
5, 0, 0, 0, 0, 1134
6, 0, 0, 0, 0, 1234
7, 0, 0, 0, 0, 1233
8, 0, 0, 0, 0, 1337
9, 0, 0, 0, 0, 1331
10, 0, 0, 0, 0, 1436
11, 0, 0, 0, 0, 1431
12, 0, 0, 0, 0, 1535
13, 0, 0, 0, 0, 1530
14, 0, 0, 0, 0, 1642
15, 0, 0, 0, 0, 1647
0, 0, 0, 0, 0, 1744
1, 0, 0, 0, 0, 1744
2, 0, 0, 0, 0, 1841
3, 0, 0, 0, 0, 1840
4, 0, 0, 0, 0, 1941
5, 0, 0, 0, 0, 1947
6, 0, 0, 0, 0, 2039
7, 0, 0, 0, 0, 2041
8, 0, 0, 0, 0, 2144
9, 0, 0, 0, 0, 2145
10, 0, 0, 0, 0, 2245
11, 0, 0, 0, 0, 2240
12, 0, 0, 0, 0, 2335
13, 0, 0, 0, 0, 2336
14, 0, 0, 0, 0, 2420
15, 0, 0, 0, 0, 2419
0, 0, 0, 0, 0, 2511
1, 0, 0, 0, 0, 2511
2, 0, 0, 0, 0, 2607
3, 0, 0, 0, 0, 2608
4, 0, 0, 0, 0, 2692
5, 0, 0, 0, 0, 2690
6, 0, 0, 0, 0, 2770
7, 0, 0, 0, 0, 2769
8, 0, 0, 0, 0, 2844
9, 0, 0, 0, 0, 2847
10, 0, 0, 0, 0, 2926
11, 0, 0, 0, 0, 2926
12, 0, 0, 0, 0, 2991
13, 0, 0, 0, 0, 2992
14, 0, 0, 0, 0, 3066
15, 0, 0, 0, 0, 3061
0, 0, 0, 0, 0, 3136
1, 0, 0, 0, 0, 3137
2, 0, 0, 0, 0, 3190
3, 0, 0, 0, 0, 3199
4, 0, 0, 0, 0, 3253
5, 0, 0, 0, 0, 3252
6, 0, 0, 0, 0, 3301
7, 0, 0, 0, 0, 3305
8, 0, 0, 0, 0, 3346
9, 0, 0, 0, 0, 3344
10, 0, 0, 0, 0, 3386
11, 0, 0, 0, 0, 3370
12, 0, 0, 0, 0, 3408
13, 0, 0, 0, 0, 3395
14, 0, 0, 0, 0, 3419
15, 0, 0, 0, 0, 3419
0, 0, 0, 0, 0, 3427
1, 0, 0, 0, 0, 3429
2, 0, 0, 0, 0, 3428
3, 0, 0, 0, 0, 3417
4, 0, 0, 0, 0, 3408
5, 0, 0, 0, 0, 3403
6, 0, 0, 0, 0, 3385
7, 0, 0, 0, 0, 3375
8, 0, 0, 0, 0, 3344
9, 0, 0, 0, 0, 3347
10, 0, 0, 0, 0, 3305
11, 0, 0, 0, 0, 3306
12, 0, 0, 0, 0, 3253
13, 0, 0, 0, 0, 3252
14, 0, 0, 0, 0, 3194
15, 0, 0, 0, 0, 3200
0, 0, 0, 0, 0, 3127
1, 0, 0, 0, 0, 3127
2, 0, 0, 0, 0, 3062
3, 0, 0, 0, 0, 3059
4, 0, 0, 0, 0, 2993
5, 0, 0, 0, 0, 2993
6, 0, 0, 0, 0, 2929
7, 0, 0, 0, 0, 2923
8, 0, 0, 0, 0, 2848
9, 0, 0, 0, 0, 2847
10, 0, 0, 0, 0, 2765
11, 0, 0, 0, 0, 2768
12, 0, 0, 0, 0, 2679
13, 0, 0, 0, 0, 2688
14, 0, 0, 0, 0, 2603
15, 0, 0, 0, 0, 2608
0, 0, 0, 0, 0, 2512
1, 0, 0, 0, 0, 2511
2, 0, 0, 0, 0, 2429
3, 0, 0, 0, 0, 2425
4, 0, 0, 0, 0, 2336
5, 0, 0, 0, 0, 2333
6, 0, 0, 0, 0, 2240
7, 0, 0, 0, 0, 2239
8, 0, 0, 0, 0, 2143
9, 0, 0, 0, 0, 2147
10, 0, 0, 0, 0, 2047
11, 0, 0, 0, 0, 2046
12, 0, 0, 0, 0, 1939
13, 0, 0, 0, 0, 1943
14, 0, 0, 0, 0, 1845
15, 0, 0, 0, 0, 1843
0, 0, 0, 0, 0, 1746
1, 0, 0, 0, 0, 1744
2, 0, 0, 0, 0, 1639
3, 0, 0, 0, 0, 1645
4, 0, 0, 0, 0, 1543
5, 0, 0, 0, 0, 1535
6, 0, 0, 0, 0, 1430
7, 0, 0, 0, 0, 1429
8, 0, 0, 0, 0, 1331
9, 0, 0, 0, 0, 1328
10, 0, 0, 0, 0, 1229
11, 0, 0, 0, 0, 1232
12, 0, 0, 0, 0, 1132
13, 0, 0, 0, 0, 1134
14, 0, 0, 0, 0, 1038
15, 0, 0, 0, 0, 1040
0, 0, 0, 0, 0, 934
1, 0, 0, 0, 0, 934
2, 0, 0, 0, 0, 847
3, 0, 0, 0, 0, 844
4, 0, 0, 0, 0, 757
5, 0, 0, 0, 0, 763
6, 0, 0, 0, 0, 678
7, 0, 0, 0, 0, 673
8, 0, 0, 0, 0, 595
9, 0, 0, 0, 0, 594
10, 0, 0, 0, 0, 528
11, 0, 0, 0, 0, 519
12, 0, 0, 0, 0, 443
13, 0, 0, 0, 0, 441
14, 0, 0, 0, 0, 385
15, 0, 0, 0, 0, 383
0, 0, 0, 0, 0, 321
1, 0, 0, 0, 0, 321
2, 0, 0, 0, 0, 261
3, 0, 0, 0, 0, 267
4, 0, 0, 0, 0, 214
5, 0, 0, 0, 0, 208
6, 0, 0, 0, 0, 167
7, 0, 0, 0, 0, 170
8, 0, 0, 0, 0, 135
9, 0, 0, 0, 0, 128
10, 0, 0, 0, 0, 87
11, 0, 0, 0, 0, 89
12, 0, 0, 0, 0, 64
13, 0, 0, 0, 0, 64
14, 0, 0, 0, 0, 48
15, 0, 0, 0, 0, 44
0, 0, 0, 0, 0, 26
1, 0, 0, 0, 0, 27
2, 0, 0, 0, 0, 22
3, 0, 0, 0, 0, 21
4, 0, 0, 0, 0, 16
5, 0, 0, 0, 0, 14
6, 0, 0, 0, 0, 17
7, 0, 0, 0, 0, 15
8, 0, 0, 0, 0, 30
9, 0, 0, 0, 0, 33
10, 0, 0, 0, 0, 49
11, 0, 0, 0, 0, 45
12, 0, 0, 0, 0, 64
13, 0, 0, 0, 0, 62
14, 0, 0, 0, 0, 99
15, 0, 0, 0, 0, 90
0, 0, 0, 0, 0, 129
1, 0, 0, 0, 0, 128
2, 0, 0, 0, 0, 167
3, 0, 0, 0, 0, 165
4, 0, 0, 0, 0, 213
5, 0, 0, 0, 0, 208
6, 0, 0, 0, 0, 256
7, 0, 0, 0, 0, 261
8, 0, 0, 0, 0, 320
9, 0, 0, 0, 0, 320
10, 0, 0, 0, 0, 383
11, 0, 0, 0, 0, 379
12, 0, 0, 0, 0, 445
13, 0, 0, 0, 0, 448
14, 0, 0, 0, 0, 519
15, 0, 0, 0, 0, 528
0, 0, 0, 0, 0, 604
1, 0, 0, 0, 0, 592
2, 0, 0, 0, 0, 675
3, 0, 0, 0, 0, 681
4, 0, 0, 0, 0, 759
5, 0, 0, 0, 0, 759
6, 0, 0, 0, 0, 847
7, 0, 0, 0, 0, 847
8, 0, 0, 0, 0, 934
9, 0, 0, 0, 0, 941
10, 0, 0, 0, 0, 1040
11, 0, 0, 0, 0, 1038
12, 0, 0, 0, 0, 1136
13, 0, 0, 0, 0, 1136
14, 0, 0, 0, 0, 1232
15, 0, 0, 0, 0, 1232
0, 0, 0, 0, 0, 1331
1, 0, 0, 0, 0, 1335
2, 0, 0, 0, 0, 1430
3, 0, 0, 0, 0, 1424
4, 0, 0, 0, 0, 1533
5, 0, 0, 0, 0, 1535
6, 0, 0, 0, 0, 1637
7, 0, 0, 0, 0, 1644
8, 0, 0, 0, 0, 1745
9, 0, 0, 0, 0, 1742
10, 0, 0, 0, 0, 1842
11, 0, 0, 0, 0, 1840
12, 0, 0, 0, 0, 1943
13, 0, 0, 0, 0, 1945
14, 0, 0, 0, 0, 2038
15, 0, 0, 0, 0, 2041
0, 0, 0, 0, 0, 2143
1, 0, 0, 0, 0, 2143
2, 0, 0, 0, 0, 2242
3, 0, 0, 0, 0, 2240
4, 0, 0, 0, 0, 2330
5, 0, 0, 0, 0, 2330
6, 0, 0, 0, 0, 2430
7, 0, 0, 0, 0, 2429
8, 0, 0, 0, 0, 2509
9, 0, 0, 0, 0, 2511
10, 0, 0, 0, 0, 2608
11, 0, 0, 0, 0, 2603
12, 0, 0, 0, 0, 2686
13, 0, 0, 0, 0, 2686
14, 0, 0, 0, 0, 2768
15, 0, 0, 0, 0, 2763
0, 0, 0, 0, 0, 2849
1, 0, 0, 0, 0, 2847
2, 0, 0, 0, 0, 2919
3, 0, 0, 0, 0, 2917
4, 0, 0, 0, 0, 2995
5, 0, 0, 0, 0, 2995
6, 0, 0, 0, 0, 3061
7, 0, 0, 0, 0, 3057
8, 0, 0, 0, 0, 3137
9, 0, 0, 0, 0, 3136
10, 0, 0, 0, 0, 3193
11, 0, 0, 0, 0, 3191
12, 0, 0, 0, 0, 3249
13, 0, 0, 0, 0, 3255
14, 0, 0, 0, 0, 3297
15, 0, 0, 0, 0, 3308
0, 0, 0, 0, 0, 3345
1, 0, 0, 0, 0, 3346
2, 0, 0, 0, 0, 3385
3, 0, 0, 0, 0, 3376
4, 0, 0, 0, 0, 3399
5, 0, 0, 0, 0, 3407
6, 0, 0, 0, 0, 3425
7, 0, 0, 0, 0, 3427
8, 0, 0, 0, 0, 3429
9, 0, 0, 0, 0, 3417
10, 0, 0, 0, 0, 3418
11, 0, 0, 0, 0, 3426
12, 0, 0, 0, 0, 3407
13, 0, 0, 0, 0, 3398
14, 0, 0, 0, 0, 3375
15, 0, 0, 0, 0, 3382
0, 0, 0, 0, 0, 3349
1, 0, 0, 0, 0, 3344
2, 0, 0, 0, 0, 3311
3, 0, 0, 0, 0, 3302
4, 0, 0, 0, 0, 3258
5, 0, 0, 0, 0, 3247
6, 0, 0, 0, 0, 3201
7, 0, 0, 0, 0, 3195
8, 0, 0, 0, 0, 3136
9, 0, 0, 0, 0, 3130
10, 0, 0, 0, 0, 3059
11, 0, 0, 0, 0, 3061
12, 0, 0, 0, 0, 2993
13, 0, 0, 0, 0, 2998
14, 0, 0, 0, 0, 2921
15, 0, 0, 0, 0, 2928
0, 0, 0, 0, 0, 2839
1, 0, 0, 0, 0, 2847
2, 0, 0, 0, 0, 2768
3, 0, 0, 0, 0, 2773
4, 0, 0, 0, 0, 2682
5, 0, 0, 0, 0, 2688
6, 0, 0, 0, 0, 2605
7, 0, 0, 0, 0, 2608
8, 0, 0, 0, 0, 2513
9, 0, 0, 0, 0, 2512
10, 0, 0, 0, 0, 2427
11, 0, 0, 0, 0, 2421
12, 0, 0, 0, 0, 2339
13, 0, 0, 0, 0, 2334
14, 0, 0, 0, 0, 2239
15, 0, 0, 0, 0, 2241
0, 0, 0, 0, 0, 2147
1, 0, 0, 0, 0, 2149
2, 0, 0, 0, 0, 2043
3, 0, 0, 0, 0, 2054
4, 0, 0, 0, 0, 1941
5, 0, 0, 0, 0, 1942
6, 0, 0, 0, 0, 1840
7, 0, 0, 0, 0, 1840
8, 0, 0, 0, 0, 1743
9, 0, 0, 0, 0, 1744
10, 0, 0, 0, 0, 1642
11, 0, 0, 0, 0, 1643
12, 0, 0, 0, 0, 1531
13, 0, 0, 0, 0, 1531
14, 0, 0, 0, 0, 1426
15, 0, 0, 0, 0, 1433
0, 0, 0, 0, 0, 1331
1, 0, 0, 0, 0, 1329
2, 0, 0, 0, 0, 1226
3, 0, 0, 0, 0, 1230
4, 0, 0, 0, 0, 1136
5, 0, 0, 0, 0, 1136
6, 0, 0, 0, 0, 1040
7, 0, 0, 0, 0, 1041
8, 0, 0, 0, 0, 933
9, 0, 0, 0, 0, 934
10, 0, 0, 0, 0, 848
11, 0, 0, 0, 0, 849
12, 0, 0, 0, 0, 762
13, 0, 0, 0, 0, 765
14, 0, 0, 0, 0, 678
15, 0, 0, 0, 0, 676
0, 0, 0, 0, 0, 592
1, 0, 0, 0, 0, 597
2, 0, 0, 0, 0, 525
3, 0, 0, 0, 0, 528
4, 0, 0, 0, 0, 448
5, 0, 0, 0, 0, 451
6, 0, 0, 0, 0, 379
7, 0, 0, 0, 0, 379
8, 0, 0, 0, 0, 320
9, 0, 0, 0, 0, 320
10, 0, 0, 0, 0, 265
11, 0, 0, 0, 0, 263
12, 0, 0, 0, 0, 213
13, 0, 0, 0, 0, 214
14, 0, 0, 0, 0, 169
15, 0, 0, 0, 0, 171
0, 0, 0, 0, 0, 129
1, 0, 0, 0, 0, 127
2, 0, 0, 0, 0, 91
3, 0, 0, 0, 0, 87
4, 0, 0, 0, 0, 65
5, 0, 0, 0, 0, 65
6, 0, 0, 0, 0, 48
7, 0, 0, 0, 0, 47
8, 0, 0, 0, 0, 31
9, 0, 0, 0, 0, 25
10, 0, 0, 0, 0, 16
11, 0, 0, 0, 0, 17
12, 0, 0, 0, 0, 17
13, 0, 0, 0, 0, 16
14, 0, 0, 0, 0, 21
15, 0, 0, 0, 0, 24
0, 0, 0, 0, 0, 30
1, 0, 0, 0, 0, 31
2, 0, 0, 0, 0, 48
3, 0, 0, 0, 0, 43
4, 0, 0, 0, 0, 67
5, 0, 0, 0, 0, 64
6, 0, 0, 0, 0, 90
7, 0, 0, 0, 0, 92
8, 0, 0, 0, 0, 126
9, 0, 0, 0, 0, 122
10, 0, 0, 0, 0, 167
11, 0, 0, 0, 0, 167
12, 0, 0, 0, 0, 217
13, 0, 0, 0, 0, 210
14, 0, 0, 0, 0, 263
15, 0, 0, 0, 0, 265
0, 0, 0, 0, 0, 320
1, 0, 0, 0, 0, 319
2, 0, 0, 0, 0, 380
3, 0, 0, 0, 0, 375
4, 0, 0, 0, 0, 450
5, 0, 0, 0, 0, 443
6, 0, 0, 0, 0, 528
7, 0, 0, 0, 0, 521
8, 0, 0, 0, 0, 592
9, 0, 0, 0, 0, 593
10, 0, 0, 0, 0, 675
11, 0, 0, 0, 0, 677
12, 0, 0, 0, 0, 762
13, 0, 0, 0, 0, 755
14, 0, 0, 0, 0, 846
15, 0, 0, 0, 0, 853
0, 0, 0, 0, 0, 937
1, 0, 0, 0, 0, 938
2, 0, 0, 0, 0, 1035
3, 0, 0, 0, 0, 1042
4, 0, 0, 0, 0, 1135
5, 0, 0, 0, 0, 1137
6, 0, 0, 0, 0, 1232
7, 0, 0, 0, 0, 1232
8, 0, 0, 0, 0, 1331
9, 0, 0, 0, 0, 1328
10, 0, 0, 0, 0, 1431
11, 0, 0, 0, 0, 1431
12, 0, 0, 0, 0, 1542
13, 0, 0, 0, 0, 1535
14, 0, 0, 0, 0, 1643
15, 0, 0, 0, 0, 1646
0, 0, 0, 0, 0, 1744
1, 0, 0, 0, 0, 1743
2, 0, 0, 0, 0, 1838
3, 0, 0, 0, 0, 1842
4, 0, 0, 0, 0, 1948
5, 0, 0, 0, 0, 1950
6, 0, 0, 0, 0, 2043
7, 0, 0, 0, 0, 2047
8, 0, 0, 0, 0, 2148
9, 0, 0, 0, 0, 2145
10, 0, 0, 0, 0, 2241
11, 0, 0, 0, 0, 2240
12, 0, 0, 0, 0, 2333
13, 0, 0, 0, 0, 2329
14, 0, 0, 0, 0, 2420
15, 0, 0, 0, 0, 2429
0, 0, 0, 0, 0, 2517
1, 0, 0, 0, 0, 2515
2, 0, 0, 0, 0, 2606
3, 0, 0, 0, 0, 2610
4, 0, 0, 0, 0, 2687
5, 0, 0, 0, 0, 2684
6, 0, 0, 0, 0, 2765
7, 0, 0, 0, 0, 2771
8, 0, 0, 0, 0, 2851
9, 0, 0, 0, 0, 2851
10, 0, 0, 0, 0, 2925
11, 0, 0, 0, 0, 2926
12, 0, 0, 0, 0, 2991
13, 0, 0, 0, 0, 2992
14, 0, 0, 0, 0, 3058
15, 0, 0, 0, 0, 3061
0, 0, 0, 0, 0, 3135
1, 0, 0, 0, 0, 3134
2, 0, 0, 0, 0, 3193
3, 0, 0, 0, 0, 3201
4, 0, 0, 0, 0, 3249
5, 0, 0, 0, 0, 3248
6, 0, 0, 0, 0, 3300
7, 0, 0, 0, 0, 3301
8, 0, 0, 0, 0, 3350
9, 0, 0, 0, 0, 3346
10, 0, 0, 0, 0, 3376
11, 0, 0, 0, 0, 3385
12, 0, 0, 0, 0, 3407
13, 0, 0, 0, 0, 3405
14, 0, 0, 0, 0, 3413
15, 0, 0, 0, 0, 3428
0, 0, 0, 0, 0, 3413
1, 0, 0, 0, 0, 3431
2, 0, 0, 0, 0, 3424
3, 0, 0, 0, 0, 3418
4, 0, 0, 0, 0, 3405
5, 0, 0, 0, 0, 3402
6, 0, 0, 0, 0, 3379
7, 0, 0, 0, 0, 3377
8, 0, 0, 0, 0, 3344
9, 0, 0, 0, 0, 3341
10, 0, 0, 0, 0, 3301
11, 0, 0, 0, 0, 3301
12, 0, 0, 0, 0, 3252
13, 0, 0, 0, 0, 3248
14, 0, 0, 0, 0, 3197
15, 0, 0, 0, 0, 3205
0, 0, 0, 0, 0, 3139
1, 0, 0, 0, 0, 3133
2, 0, 0, 0, 0, 3061
3, 0, 0, 0, 0, 3065
4, 0, 0, 0, 0, 2992
5, 0, 0, 0, 0, 2997
6, 0, 0, 0, 0, 2925
7, 0, 0, 0, 0, 2926
8, 0, 0, 0, 0, 2850
9, 0, 0, 0, 0, 2839
10, 0, 0, 0, 0, 2768
11, 0, 0, 0, 0, 2768
12, 0, 0, 0, 0, 2686
13, 0, 0, 0, 0, 2690
14, 0, 0, 0, 0, 2605
15, 0, 0, 0, 0, 2607
0, 0, 0, 0, 0, 2512
1, 0, 0, 0, 0, 2513
2, 0, 0, 0, 0, 2427
3, 0, 0, 0, 0, 2427
4, 0, 0, 0, 0, 2336
5, 0, 0, 0, 0, 2335
6, 0, 0, 0, 0, 2238
7, 0, 0, 0, 0, 2243
8, 0, 0, 0, 0, 2147
9, 0, 0, 0, 0, 2143
10, 0, 0, 0, 0, 2045
11, 0, 0, 0, 0, 2042
12, 0, 0, 0, 0, 1945
13, 0, 0, 0, 0, 1944
14, 0, 0, 0, 0, 1841
15, 0, 0, 0, 0, 1840
0, 0, 0, 0, 0, 1745
1, 0, 0, 0, 0, 1744
2, 0, 0, 0, 0, 1639
3, 0, 0, 0, 0, 1642
4, 0, 0, 0, 0, 1534
5, 0, 0, 0, 0, 1535
6, 0, 0, 0, 0, 1429
7, 0, 0, 0, 0, 1429
8, 0, 0, 0, 0, 1328
9, 0, 0, 0, 0, 1331
10, 0, 0, 0, 0, 1232
11, 0, 0, 0, 0, 1233
12, 0, 0, 0, 0, 1136
13, 0, 0, 0, 0, 1134
14, 0, 0, 0, 0, 1035
15, 0, 0, 0, 0, 1039
0, 0, 0, 0, 0, 941
1, 0, 0, 0, 0, 943
2, 0, 0, 0, 0, 850
3, 0, 0, 0, 0, 850
4, 0, 0, 0, 0, 752
5, 0, 0, 0, 0, 758
6, 0, 0, 0, 0, 683
7, 0, 0, 0, 0, 676
8, 0, 0, 0, 0, 592
9, 0, 0, 0, 0, 596
10, 0, 0, 0, 0, 523
11, 0, 0, 0, 0, 523
12, 0, 0, 0, 0, 449
13, 0, 0, 0, 0, 449
14, 0, 0, 0, 0, 384
15, 0, 0, 0, 0, 383
0, 0, 0, 0, 0, 325
1, 0, 0, 0, 0, 316
2, 0, 0, 0, 0, 263
3, 0, 0, 0, 0, 262
4, 0, 0, 0, 0, 210
5, 0, 0, 0, 0, 210
6, 0, 0, 0, 0, 164
7, 0, 0, 0, 0, 169
8, 0, 0, 0, 0, 125
9, 0, 0, 0, 0, 128
10, 0, 0, 0, 0, 98
11, 0, 0, 0, 0, 90
12, 0, 0, 0, 0, 64
13, 0, 0, 0, 0, 65
14, 0, 0, 0, 0, 49
15, 0, 0, 0, 0, 45
0, 0, 0, 0, 0, 28
1, 0, 0, 0, 0, 32
2, 0, 0, 0, 0, 16
3, 0, 0, 0, 0, 16
4, 0, 0, 0, 0, 14
5, 0, 0, 0, 0, 18
6, 0, 0, 0, 0, 23
7, 0, 0, 0, 0, 17
8, 0, 0, 0, 0, 29
9, 0, 0, 0, 0, 27
10, 0, 0, 0, 0, 48
11, 0, 0, 0, 0, 45
12, 0, 0, 0, 0, 64
13, 0, 0, 0, 0, 64
14, 0, 0, 0, 0, 97
15, 0, 0, 0, 0, 87
0, 0, 0, 0, 0, 125
1, 0, 0, 0, 0, 129
2, 0, 0, 0, 0, 163
3, 0, 0, 0, 0, 162
4, 0, 0, 0, 0, 208
5, 0, 0, 0, 0, 215
6, 0, 0, 0, 0, 261
7, 0, 0, 0, 0, 267
8, 0, 0, 0, 0, 320
9, 0, 0, 0, 0, 324
10, 0, 0, 0, 0, 383
11, 0, 0, 0, 0, 381
12, 0, 0, 0, 0, 447
13, 0, 0, 0, 0, 448
14, 0, 0, 0, 0, 521
15, 0, 0, 0, 0, 522
0, 0, 0, 0, 0, 598
1, 0, 0, 0, 0, 593
2, 0, 0, 0, 0, 681
3, 0, 0, 0, 0, 675
4, 0, 0, 0, 0, 759
5, 0, 0, 0, 0, 754
6, 0, 0, 0, 0, 843
7, 0, 0, 0, 0, 848
8, 0, 0, 0, 0, 945
9, 0, 0, 0, 0, 938
10, 0, 0, 0, 0, 1040
11, 0, 0, 0, 0, 1037
12, 0, 0, 0, 0, 1136
13, 0, 0, 0, 0, 1133
14, 0, 0, 0, 0, 1227
15, 0, 0, 0, 0, 1229
0, 0, 0, 0, 0, 1330
1, 0, 0, 0, 0, 1330
2, 0, 0, 0, 0, 1435
3, 0, 0, 0, 0, 1433
4, 0, 0, 0, 0, 1531
5, 0, 0, 0, 0, 1534
6, 0, 0, 0, 0, 1645
7, 0, 0, 0, 0, 1647
8, 0, 0, 0, 0, 1745
9, 0, 0, 0, 0, 1744
10, 0, 0, 0, 0, 1843
11, 0, 0, 0, 0, 1842
12, 0, 0, 0, 0, 1941
13, 0, 0, 0, 0, 1939
14, 0, 0, 0, 0, 2039
15, 0, 0, 0, 0, 2046
0, 0, 0, 0, 0, 2149
1, 0, 0, 0, 0, 2133
2, 0, 0, 0, 0, 2238
3, 0, 0, 0, 0, 2240
4, 0, 0, 0, 0, 2329
5, 0, 0, 0, 0, 2338
6, 0, 0, 0, 0, 2427
7, 0, 0, 0, 0, 2425
8, 0, 0, 0, 0, 2512
9, 0, 0, 0, 0, 2512
10, 0, 0, 0, 0, 2606
11, 0, 0, 0, 0, 2608
12, 0, 0, 0, 0, 2685
13, 0, 0, 0, 0, 2688
14, 0, 0, 0, 0, 2768
15, 0, 0, 0, 0, 2765
0, 0, 0, 0, 0, 2841
1, 0, 0, 0, 0, 2843
2, 0, 0, 0, 0, 2923
3, 0, 0, 0, 0, 2923
4, 0, 0, 0, 0, 2995
5, 0, 0, 0, 0, 2993
6, 0, 0, 0, 0, 3068
7, 0, 0, 0, 0, 3066
8, 0, 0, 0, 0, 3133
9, 0, 0, 0, 0, 3134
10, 0, 0, 0, 0, 3197
11, 0, 0, 0, 0, 3202
12, 0, 0, 0, 0, 3250
13, 0, 0, 0, 0, 3248
14, 0, 0, 0, 0, 3303
15, 0, 0, 0, 0, 3307
0, 0, 0, 0, 0, 3346
1, 0, 0, 0, 0, 3344
2, 0, 0, 0, 0, 3379
3, 0, 0, 0, 0, 3376
4, 0, 0, 0, 0, 3410
5, 0, 0, 0, 0, 3406
6, 0, 0, 0, 0, 3421
7, 0, 0, 0, 0, 3434
8, 0, 0, 0, 0, 3429
9, 0, 0, 0, 0, 3424
10, 0, 0, 0, 0, 3411
11, 0, 0, 0, 0, 3422
12, 0, 0, 0, 0, 3408
13, 0, 0, 0, 0, 3408
14, 0, 0, 0, 0, 3378
15, 0, 0, 0, 0, 3379
0, 0, 0, 0, 0, 3345
1, 0, 0, 0, 0, 3349
2, 0, 0, 0, 0, 3305
3, 0, 0, 0, 0, 3297
4, 0, 0, 0, 0, 3257
5, 0, 0, 0, 0, 3251
6, 0, 0, 0, 0, 3193
7, 0, 0, 0, 0, 3197
8, 0, 0, 0, 0, 3137
9, 0, 0, 0, 0, 3133
10, 0, 0, 0, 0, 3059
11, 0, 0, 0, 0, 3062
12, 0, 0, 0, 0, 2999
13, 0, 0, 0, 0, 2992
14, 0, 0, 0, 0, 2927
15, 0, 0, 0, 0, 2926
0, 0, 0, 0, 0, 2839
1, 0, 0, 0, 0, 2843
2, 0, 0, 0, 0, 2768
3, 0, 0, 0, 0, 2768
4, 0, 0, 0, 0, 2686
5, 0, 0, 0, 0, 2687
6, 0, 0, 0, 0, 2608
7, 0, 0, 0, 0, 2605
8, 0, 0, 0, 0, 2514
9, 0, 0, 0, 0, 2514
10, 0, 0, 0, 0, 2422
11, 0, 0, 0, 0, 2421
12, 0, 0, 0, 0, 2338
13, 0, 0, 0, 0, 2335
14, 0, 0, 0, 0, 2241
15, 0, 0, 0, 0, 2239
0, 0, 0, 0, 0, 2147
1, 0, 0, 0, 0, 2144
2, 0, 0, 0, 0, 2042
3, 0, 0, 0, 0, 2047
4, 0, 0, 0, 0, 1943
5, 0, 0, 0, 0, 1943
6, 0, 0, 0, 0, 1841
7, 0, 0, 0, 0, 1849
8, 0, 0, 0, 0, 1739
9, 0, 0, 0, 0, 1742
10, 0, 0, 0, 0, 1639
11, 0, 0, 0, 0, 1643
12, 0, 0, 0, 0, 1535
13, 0, 0, 0, 0, 1533
14, 0, 0, 0, 0, 1429
15, 0, 0, 0, 0, 1435
0, 0, 0, 0, 0, 1328
1, 0, 0, 0, 0, 1328
2, 0, 0, 0, 0, 1229
3, 0, 0, 0, 0, 1232
4, 0, 0, 0, 0, 1136
5, 0, 0, 0, 0, 1133
6, 0, 0, 0, 0, 1034
7, 0, 0, 0, 0, 1038
8, 0, 0, 0, 0, 946
9, 0, 0, 0, 0, 938
10, 0, 0, 0, 0, 853
11, 0, 0, 0, 0, 851
12, 0, 0, 0, 0, 758
13, 0, 0, 0, 0, 766
14, 0, 0, 0, 0, 685
15, 0, 0, 0, 0, 674
0, 0, 0, 0, 0, 598
1, 0, 0, 0, 0, 594
2, 0, 0, 0, 0, 527
3, 0, 0, 0, 0, 522
4, 0, 0, 0, 0, 443
5, 0, 0, 0, 0, 448
6, 0, 0, 0, 0, 379
7, 0, 0, 0, 0, 379
8, 0, 0, 0, 0, 324
9, 0, 0, 0, 0, 315
10, 0, 0, 0, 0, 266
11, 0, 0, 0, 0, 268
12, 0, 0, 0, 0, 208
13, 0, 0, 0, 0, 211
14, 0, 0, 0, 0, 170
15, 0, 0, 0, 0, 171
0, 0, 0, 0, 0, 125
1, 0, 0, 0, 0, 128
2, 0, 0, 0, 0, 90
3, 0, 0, 0, 0, 94
4, 0, 0, 0, 0, 70
5, 0, 0, 0, 0, 64
6, 0, 0, 0, 0, 44
7, 0, 0, 0, 0, 43
8, 0, 0, 0, 0, 32
9, 0, 0, 0, 0, 35
10, 0, 0, 0, 0, 16
11, 0, 0, 0, 0, 19
12, 0, 0, 0, 0, 18
13, 0, 0, 0, 0, 17
14, 0, 0, 0, 0, 16
15, 0, 0, 0, 0, 16
0, 0, 0, 0, 0, 31
1, 0, 0, 0, 0, 26
2, 0, 0, 0, 0, 46
3, 0, 0, 0, 0, 43
4, 0, 0, 0, 0, 66
5, 0, 0, 0, 0, 64
6, 0, 0, 0, 0, 89
7, 0, 0, 0, 0, 102
8, 0, 0, 0, 0, 124
9, 0, 0, 0, 0, 131
10, 0, 0, 0, 0, 159
11, 0, 0, 0, 0, 165
12, 0, 0, 0, 0, 209
13, 0, 0, 0, 0, 214
14, 0, 0, 0, 0, 268
15, 0, 0, 0, 0, 267
0, 0, 0, 0, 0, 320
1, 0, 0, 0, 0, 319
2, 0, 0, 0, 0, 380
3, 0, 0, 0, 0, 380
4, 0, 0, 0, 0, 446
5, 0, 0, 0, 0, 444
6, 0, 0, 0, 0, 518
7, 0, 0, 0, 0, 526
8, 0, 0, 0, 0, 599
9, 0, 0, 0, 0, 592
10, 0, 0, 0, 0, 682
11, 0, 0, 0, 0, 678
12, 0, 0, 0, 0, 757
13, 0, 0, 0, 0, 761
14, 0, 0, 0, 0, 849
15, 0, 0, 0, 0, 848
0, 0, 0, 0, 0, 939
1, 0, 0, 0, 0, 944
2, 0, 0, 0, 0, 1035
3, 0, 0, 0, 0, 1037
4, 0, 0, 0, 0, 1131
5, 0, 0, 0, 0, 1135
6, 0, 0, 0, 0, 1232
7, 0, 0, 0, 0, 1232
8, 0, 0, 0, 0, 1334
9, 0, 0, 0, 0, 1335
10, 0, 0, 0, 0, 1434
11, 0, 0, 0, 0, 1435
12, 0, 0, 0, 0, 1547
13, 0, 0, 0, 0, 1535
14, 0, 0, 0, 0, 1636
15, 0, 0, 0, 0, 1639
0, 0, 0, 0, 0, 1739
1, 0, 0, 0, 0, 1741
2, 0, 0, 0, 0, 1843
3, 0, 0, 0, 0, 1843
4, 0, 0, 0, 0, 1939
5, 0, 0, 0, 0, 1943
6, 0, 0, 0, 0, 2045
7, 0, 0, 0, 0, 2043
8, 0, 0, 0, 0, 2142
9, 0, 0, 0, 0, 2146
10, 0, 0, 0, 0, 2240
11, 0, 0, 0, 0, 2243
12, 0, 0, 0, 0, 2334
13, 0, 0, 0, 0, 2331
14, 0, 0, 0, 0, 2423
15, 0, 0, 0, 0, 2426
0, 0, 0, 0, 0, 2516
1, 0, 0, 0, 0, 2517
2, 0, 0, 0, 0, 2605
3, 0, 0, 0, 0, 2609
4, 0, 0, 0, 0, 2686
5, 0, 0, 0, 0, 2683
6, 0, 0, 0, 0, 2766
7, 0, 0, 0, 0, 2773
8, 0, 0, 0, 0, 2845
9, 0, 0, 0, 0, 2847
10, 0, 0, 0, 0, 2926
11, 0, 0, 0, 0, 2923
12, 0, 0, 0, 0, 2995
13, 0, 0, 0, 0, 2995
14, 0, 0, 0, 0, 3067
15, 0, 0, 0, 0, 3065
0, 0, 0, 0, 0, 3127
1, 0, 0, 0, 0, 3135
2, 0, 0, 0, 0, 3197
3, 0, 0, 0, 0, 3200
4, 0, 0, 0, 0, 3253
5, 0, 0, 0, 0, 3254
6, 0, 0, 0, 0, 3309
7, 0, 0, 0, 0, 3297
8, 0, 0, 0, 0, 3345
9, 0, 0, 0, 0, 3352
10, 0, 0, 0, 0, 3376
11, 0, 0, 0, 0, 3386
12, 0, 0, 0, 0, 3397
13, 0, 0, 0, 0, 3401
14, 0, 0, 0, 0, 3417
15, 0, 0, 0, 0, 3415
0, 0, 0, 0, 0, 3418
1, 0, 0, 0, 0, 3427
2, 0, 0, 0, 0, 3425
3, 0, 0, 0, 0, 3425
4, 0, 0, 0, 0, 3399
5, 0, 0, 0, 0, 3403
6, 0, 0, 0, 0, 3379
7, 0, 0, 0, 0, 3377
8, 0, 0, 0, 0, 3347
9, 0, 0, 0, 0, 3344
10, 0, 0, 0, 0, 3299
11, 0, 0, 0, 0, 3297
12, 0, 0, 0, 0, 3249
13, 0, 0, 0, 0, 3253
14, 0, 0, 0, 0, 3200
15, 0, 0, 0, 0, 3189
0, 0, 0, 0, 0, 3129
1, 0, 0, 0, 0, 3136
2, 0, 0, 0, 0, 3061
3, 0, 0, 0, 0, 3066
4, 0, 0, 0, 0, 2995
5, 0, 0, 0, 0, 2992
6, 0, 0, 0, 0, 2928
7, 0, 0, 0, 0, 2918
8, 0, 0, 0, 0, 2845
9, 0, 0, 0, 0, 2839
10, 0, 0, 0, 0, 2768
11, 0, 0, 0, 0, 2773
12, 0, 0, 0, 0, 2682
13, 0, 0, 0, 0, 2687
14, 0, 0, 0, 0, 2603
15, 0, 0, 0, 0, 2608
0, 0, 0, 0, 0, 2512
1, 0, 0, 0, 0, 2514
2, 0, 0, 0, 0, 2426
3, 0, 0, 0, 0, 2423
4, 0, 0, 0, 0, 2337
5, 0, 0, 0, 0, 2333
6, 0, 0, 0, 0, 2241
7, 0, 0, 0, 0, 2240
8, 0, 0, 0, 0, 2143
9, 0, 0, 0, 0, 2145
10, 0, 0, 0, 0, 2047
11, 0, 0, 0, 0, 2047
12, 0, 0, 0, 0, 1946
13, 0, 0, 0, 0, 1942
14, 0, 0, 0, 0, 1849
15, 0, 0, 0, 0, 1841
0, 0, 0, 0, 0, 1744
1, 0, 0, 0, 0, 1744
2, 0, 0, 0, 0, 1639
3, 0, 0, 0, 0, 1637
4, 0, 0, 0, 0, 1535
5, 0, 0, 0, 0, 1535
6, 0, 0, 0, 0, 1434
7, 0, 0, 0, 0, 1428
8, 0, 0, 0, 0, 1328
9, 0, 0, 0, 0, 1332
10, 0, 0, 0, 0, 1232
11, 0, 0, 0, 0, 1232
12, 0, 0, 0, 0, 1136
13, 0, 0, 0, 0, 1139
14, 0, 0, 0, 0, 1040
15, 0, 0, 0, 0, 1040
0, 0, 0, 0, 0, 941
1, 0, 0, 0, 0, 939
2, 0, 0, 0, 0, 845
3, 0, 0, 0, 0, 845
4, 0, 0, 0, 0, 759
5, 0, 0, 0, 0, 763
6, 0, 0, 0, 0, 671
7, 0, 0, 0, 0, 673
8, 0, 0, 0, 0, 592
9, 0, 0, 0, 0, 599
10, 0, 0, 0, 0, 528
11, 0, 0, 0, 0, 521
12, 0, 0, 0, 0, 454
13, 0, 0, 0, 0, 446
14, 0, 0, 0, 0, 384
15, 0, 0, 0, 0, 383
0, 0, 0, 0, 0, 320
1, 0, 0, 0, 0, 321
2, 0, 0, 0, 0, 265
3, 0, 0, 0, 0, 258
4, 0, 0, 0, 0, 210
5, 0, 0, 0, 0, 215
6, 0, 0, 0, 0, 171
7, 0, 0, 0, 0, 167
8, 0, 0, 0, 0, 127
9, 0, 0, 0, 0, 129
10, 0, 0, 0, 0, 93
11, 0, 0, 0, 0, 94
12, 0, 0, 0, 0, 62
13, 0, 0, 0, 0, 65
14, 0, 0, 0, 0, 49
15, 0, 0, 0, 0, 41
0, 0, 0, 0, 0, 31
1, 0, 0, 0, 0, 30
2, 0, 0, 0, 0, 18
3, 0, 0, 0, 0, 22
4, 0, 0, 0, 0, 17
5, 0, 0, 0, 0, 16
6, 0, 0, 0, 0, 18
7, 0, 0, 0, 0, 16
8, 0, 0, 0, 0, 31
9, 0, 0, 0, 0, 27
10, 0, 0, 0, 0, 43
11, 0, 0, 0, 0, 48
12, 0, 0, 0, 0, 66
13, 0, 0, 0, 0, 64
14, 0, 0, 0, 0, 94
15, 0, 0, 0, 0, 93
0, 0, 0, 0, 0, 127
1, 0, 0, 0, 0, 133
2, 0, 0, 0, 0, 161
3, 0, 0, 0, 0, 168
4, 0, 0, 0, 0, 210
5, 0, 0, 0, 0, 208
6, 0, 0, 0, 0, 263
7, 0, 0, 0, 0, 269
8, 0, 0, 0, 0, 323
9, 0, 0, 0, 0, 322
10, 0, 0, 0, 0, 381
11, 0, 0, 0, 0, 386
12, 0, 0, 0, 0, 448
13, 0, 0, 0, 0, 449
14, 0, 0, 0, 0, 527
15, 0, 0, 0, 0, 528
0, 0, 0, 0, 0, 599
1, 0, 0, 0, 0, 592
2, 0, 0, 0, 0, 677
3, 0, 0, 0, 0, 676
4, 0, 0, 0, 0, 758
5, 0, 0, 0, 0, 755
6, 0, 0, 0, 0, 848
7, 0, 0, 0, 0, 848
8, 0, 0, 0, 0, 949
9, 0, 0, 0, 0, 938
10, 0, 0, 0, 0, 1040
11, 0, 0, 0, 0, 1040
12, 0, 0, 0, 0, 1136
13, 0, 0, 0, 0, 1135
14, 0, 0, 0, 0, 1235
15, 0, 0, 0, 0, 1233
0, 0, 0, 0, 0, 1329
1, 0, 0, 0, 0, 1328
2, 0, 0, 0, 0, 1431
3, 0, 0, 0, 0, 1429
4, 0, 0, 0, 0, 1534
5, 0, 0, 0, 0, 1546
6, 0, 0, 0, 0, 1642
7, 0, 0, 0, 0, 1645
8, 0, 0, 0, 0, 1744
9, 0, 0, 0, 0, 1740
10, 0, 0, 0, 0, 1846
11, 0, 0, 0, 0, 1845
12, 0, 0, 0, 0, 1945
13, 0, 0, 0, 0, 1938
14, 0, 0, 0, 0, 2047
15, 0, 0, 0, 0, 2046
0, 0, 0, 0, 0, 2145
1, 0, 0, 0, 0, 2146
2, 0, 0, 0, 0, 2242
3, 0, 0, 0, 0, 2237
4, 0, 0, 0, 0, 2330
5, 0, 0, 0, 0, 2331
6, 0, 0, 0, 0, 2427
7, 0, 0, 0, 0, 2424
8, 0, 0, 0, 0, 2512
9, 0, 0, 0, 0, 2512
10, 0, 0, 0, 0, 2605
11, 0, 0, 0, 0, 2608
12, 0, 0, 0, 0, 2686
13, 0, 0, 0, 0, 2687
14, 0, 0, 0, 0, 2771
15, 0, 0, 0, 0, 2770
0, 0, 0, 0, 0, 2845
1, 0, 0, 0, 0, 2849
2, 0, 0, 0, 0, 2918
3, 0, 0, 0, 0, 2923
4, 0, 0, 0, 0, 2997
5, 0, 0, 0, 0, 2992
6, 0, 0, 0, 0, 3059
7, 0, 0, 0, 0, 3065
8, 0, 0, 0, 0, 3136
9, 0, 0, 0, 0, 3136
10, 0, 0, 0, 0, 3194
11, 0, 0, 0, 0, 3201
12, 0, 0, 0, 0, 3250
13, 0, 0, 0, 0, 3248
14, 0, 0, 0, 0, 3295
15, 0, 0, 0, 0, 3309
0, 0, 0, 0, 0, 3344
1, 0, 0, 0, 0, 3347
2, 0, 0, 0, 0, 3377
3, 0, 0, 0, 0, 3381
4, 0, 0, 0, 0, 3397
5, 0, 0, 0, 0, 3408
6, 0, 0, 0, 0, 3419
7, 0, 0, 0, 0, 3419
8, 0, 0, 0, 0, 3423
9, 0, 0, 0, 0, 3418
10, 0, 0, 0, 0, 3413
11, 0, 0, 0, 0, 3419
12, 0, 0, 0, 0, 3407
13, 0, 0, 0, 0, 3402
14, 0, 0, 0, 0, 3376
15, 0, 0, 0, 0, 3389
0, 0, 0, 0, 0, 3341
1, 0, 0, 0, 0, 3349
2, 0, 0, 0, 0, 3298
3, 0, 0, 0, 0, 3296
4, 0, 0, 0, 0, 3248
5, 0, 0, 0, 0, 3251
6, 0, 0, 0, 0, 3199
7, 0, 0, 0, 0, 3198
8, 0, 0, 0, 0, 3136
9, 0, 0, 0, 0, 3130
10, 0, 0, 0, 0, 3059
11, 0, 0, 0, 0, 3061
12, 0, 0, 0, 0, 2993
13, 0, 0, 0, 0, 2992
14, 0, 0, 0, 0, 2919
15, 0, 0, 0, 0, 2918
0, 0, 0, 0, 0, 2851
1, 0, 0, 0, 0, 2851
2, 0, 0, 0, 0, 2768
3, 0, 0, 0, 0, 2771
4, 0, 0, 0, 0, 2693
5, 0, 0, 0, 0, 2691
6, 0, 0, 0, 0, 2608
7, 0, 0, 0, 0, 2609
8, 0, 0, 0, 0, 2513
9, 0, 0, 0, 0, 2512
10, 0, 0, 0, 0, 2429
11, 0, 0, 0, 0, 2423
12, 0, 0, 0, 0, 2337
13, 0, 0, 0, 0, 2327
14, 0, 0, 0, 0, 2240
15, 0, 0, 0, 0, 2240
0, 0, 0, 0, 0, 2141
1, 0, 0, 0, 0, 2148
2, 0, 0, 0, 0, 2043
3, 0, 0, 0, 0, 2047
4, 0, 0, 0, 0, 1951
5, 0, 0, 0, 0, 1943
6, 0, 0, 0, 0, 1841
7, 0, 0, 0, 0, 1846
8, 0, 0, 0, 0, 1743
9, 0, 0, 0, 0, 1741
10, 0, 0, 0, 0, 1638
11, 0, 0, 0, 0, 1640
12, 0, 0, 0, 0, 1535
13, 0, 0, 0, 0, 1534
14, 0, 0, 0, 0, 1435
15, 0, 0, 0, 0, 1437
0, 0, 0, 0, 0, 1328
1, 0, 0, 0, 0, 1331
2, 0, 0, 0, 0, 1233
3, 0, 0, 0, 0, 1232
4, 0, 0, 0, 0, 1129
5, 0, 0, 0, 0, 1136
6, 0, 0, 0, 0, 1040
7, 0, 0, 0, 0, 1040
8, 0, 0, 0, 0, 943
9, 0, 0, 0, 0, 938
10, 0, 0, 0, 0, 848
11, 0, 0, 0, 0, 846
12, 0, 0, 0, 0, 757
13, 0, 0, 0, 0, 761
14, 0, 0, 0, 0, 677
15, 0, 0, 0, 0, 673
0, 0, 0, 0, 0, 593
1, 0, 0, 0, 0, 594
2, 0, 0, 0, 0, 525
3, 0, 0, 0, 0, 522
4, 0, 0, 0, 0, 443
5, 0, 0, 0, 0, 448
6, 0, 0, 0, 0, 385
7, 0, 0, 0, 0, 379
8, 0, 0, 0, 0, 316
9, 0, 0, 0, 0, 320
10, 0, 0, 0, 0, 266
11, 0, 0, 0, 0, 263
12, 0, 0, 0, 0, 210
13, 0, 0, 0, 0, 208
14, 0, 0, 0, 0, 167
15, 0, 0, 0, 0, 169
0, 0, 0, 0, 0, 128
1, 0, 0, 0, 0, 135
2, 0, 0, 0, 0, 91
3, 0, 0, 0, 0, 91
4, 0, 0, 0, 0, 64
5, 0, 0, 0, 0, 63
6, 0, 0, 0, 0, 47
7, 0, 0, 0, 0, 43
8, 0, 0, 0, 0, 30
9, 0, 0, 0, 0, 22
10, 0, 0, 0, 0, 22
11, 0, 0, 0, 0, 16
12, 0, 0, 0, 0, 16
13, 0, 0, 0, 0, 16
14, 0, 0, 0, 0, 19
15, 0, 0, 0, 0, 16
0, 0, 0, 0, 0, 26
1, 0, 0, 0, 0, 29
2, 0, 0, 0, 0, 46
3, 0, 0, 0, 0, 45
4, 0, 0, 0, 0, 63
5, 0, 0, 0, 0, 67
6, 0, 0, 0, 0, 90
7, 0, 0, 0, 0, 97
8, 0, 0, 0, 0, 128
9, 0, 0, 0, 0, 128
10, 0, 0, 0, 0, 171
11, 0, 0, 0, 0, 166
12, 0, 0, 0, 0, 208
13, 0, 0, 0, 0, 212
14, 0, 0, 0, 0, 267
15, 0, 0, 0, 0, 263
0, 0, 0, 0, 0, 320
1, 0, 0, 0, 0, 320
2, 0, 0, 0, 0, 383
3, 0, 0, 0, 0, 384
4, 0, 0, 0, 0, 447
5, 0, 0, 0, 0, 447
6, 0, 0, 0, 0, 521
7, 0, 0, 0, 0, 528
8, 0, 0, 0, 0, 597
9, 0, 0, 0, 0, 596
10, 0, 0, 0, 0, 675
11, 0, 0, 0, 0, 678
12, 0, 0, 0, 0, 761
13, 0, 0, 0, 0, 759
14, 0, 0, 0, 0, 849
15, 0, 0, 0, 0, 846
0, 0, 0, 0, 0, 939
1, 0, 0, 0, 0, 944
2, 0, 0, 0, 0, 1040
3, 0, 0, 0, 0, 1038
4, 0, 0, 0, 0, 1134
5, 0, 0, 0, 0, 1133
6, 0, 0, 0, 0, 1234
7, 0, 0, 0, 0, 1228
8, 0, 0, 0, 0, 1328
9, 0, 0, 0, 0, 1328
10, 0, 0, 0, 0, 1435
11, 0, 0, 0, 0, 1431
12, 0, 0, 0, 0, 1535
13, 0, 0, 0, 0, 1535
14, 0, 0, 0, 0, 1637
15, 0, 0, 0, 0, 1642
0, 0, 0, 0, 0, 1744
1, 0, 0, 0, 0, 1740
2, 0, 0, 0, 0, 1847
3, 0, 0, 0, 0, 1842
4, 0, 0, 0, 0, 1938
5, 0, 0, 0, 0, 1949
6, 0, 0, 0, 0, 2047
7, 0, 0, 0, 0, 2042
8, 0, 0, 0, 0, 2141
9, 0, 0, 0, 0, 2144
10, 0, 0, 0, 0, 2242
11, 0, 0, 0, 0, 2239
12, 0, 0, 0, 0, 2334
13, 0, 0, 0, 0, 2331
14, 0, 0, 0, 0, 2417
15, 0, 0, 0, 0, 2430
0, 0, 0, 0, 0, 2507
1, 0, 0, 0, 0, 2514
2, 0, 0, 0, 0, 2605
3, 0, 0, 0, 0, 2605
4, 0, 0, 0, 0, 2688
5, 0, 0, 0, 0, 2686
6, 0, 0, 0, 0, 2767
7, 0, 0, 0, 0, 2768
8, 0, 0, 0, 0, 2843
9, 0, 0, 0, 0, 2848
10, 0, 0, 0, 0, 2925
11, 0, 0, 0, 0, 2926
12, 0, 0, 0, 0, 2993
13, 0, 0, 0, 0, 2998
14, 0, 0, 0, 0, 3061
15, 0, 0, 0, 0, 3056
0, 0, 0, 0, 0, 3132
1, 0, 0, 0, 0, 3136
2, 0, 0, 0, 0, 3201
3, 0, 0, 0, 0, 3201
4, 0, 0, 0, 0, 3251
5, 0, 0, 0, 0, 3250
6, 0, 0, 0, 0, 3306
7, 0, 0, 0, 0, 3300
8, 0, 0, 0, 0, 3350
9, 0, 0, 0, 0, 3350
10, 0, 0, 0, 0, 3373
11, 0, 0, 0, 0, 3379
12, 0, 0, 0, 0, 3406
13, 0, 0, 0, 0, 3406
14, 0, 0, 0, 0, 3418
15, 0, 0, 0, 0, 3410
0, 0, 0, 0, 0, 3421
1, 0, 0, 0, 0, 3415
2, 0, 0, 0, 0, 3419
3, 0, 0, 0, 0, 3413
4, 0, 0, 0, 0, 3399
5, 0, 0, 0, 0, 3402
6, 0, 0, 0, 0, 3385
7, 0, 0, 0, 0, 3381
8, 0, 0, 0, 0, 3344
9, 0, 0, 0, 0, 3342
10, 0, 0, 0, 0, 3299
11, 0, 0, 0, 0, 3308
12, 0, 0, 0, 0, 3248
13, 0, 0, 0, 0, 3254
14, 0, 0, 0, 0, 3195
15, 0, 0, 0, 0, 3193
0, 0, 0, 0, 0, 3131
1, 0, 0, 0, 0, 3131
2, 0, 0, 0, 0, 3066
3, 0, 0, 0, 0, 3069
4, 0, 0, 0, 0, 2997
5, 0, 0, 0, 0, 2999
6, 0, 0, 0, 0, 2923
7, 0, 0, 0, 0, 2923
8, 0, 0, 0, 0, 2844
9, 0, 0, 0, 0, 2850
10, 0, 0, 0, 0, 2768
11, 0, 0, 0, 0, 2769
12, 0, 0, 0, 0, 2691
13, 0, 0, 0, 0, 2688
14, 0, 0, 0, 0, 2609
15, 0, 0, 0, 0, 2607
0, 0, 0, 0, 0, 2513
1, 0, 0, 0, 0, 2514
2, 0, 0, 0, 0, 2423
3, 0, 0, 0, 0, 2429
4, 0, 0, 0, 0, 2338
5, 0, 0, 0, 0, 2337
6, 0, 0, 0, 0, 2241
7, 0, 0, 0, 0, 2240
8, 0, 0, 0, 0, 2148
9, 0, 0, 0, 0, 2147
10, 0, 0, 0, 0, 2045
11, 0, 0, 0, 0, 2053
12, 0, 0, 0, 0, 1941
13, 0, 0, 0, 0, 1947
14, 0, 0, 0, 0, 1840
15, 0, 0, 0, 0, 1841
0, 0, 0, 0, 0, 1743
1, 0, 0, 0, 0, 1743
2, 0, 0, 0, 0, 1638
3, 0, 0, 0, 0, 1638
4, 0, 0, 0, 0, 1531
5, 0, 0, 0, 0, 1545
6, 0, 0, 0, 0, 1435
7, 0, 0, 0, 0, 1429
8, 0, 0, 0, 0, 1328
9, 0, 0, 0, 0, 1328
10, 0, 0, 0, 0, 1231
11, 0, 0, 0, 0, 1232
12, 0, 0, 0, 0, 1133
13, 0, 0, 0, 0, 1136
14, 0, 0, 0, 0, 1045
15, 0, 0, 0, 0, 1038
0, 0, 0, 0, 0, 941
1, 0, 0, 0, 0, 933
2, 0, 0, 0, 0, 848
3, 0, 0, 0, 0, 849
4, 0, 0, 0, 0, 766
5, 0, 0, 0, 0, 758
6, 0, 0, 0, 0, 670
7, 0, 0, 0, 0, 677
8, 0, 0, 0, 0, 591
9, 0, 0, 0, 0, 594
10, 0, 0, 0, 0, 524
11, 0, 0, 0, 0, 526
12, 0, 0, 0, 0, 445
13, 0, 0, 0, 0, 447
14, 0, 0, 0, 0, 379
15, 0, 0, 0, 0, 383
0, 0, 0, 0, 0, 320
1, 0, 0, 0, 0, 322
2, 0, 0, 0, 0, 262
3, 0, 0, 0, 0, 261
4, 0, 0, 0, 0, 211
5, 0, 0, 0, 0, 215
6, 0, 0, 0, 0, 164
7, 0, 0, 0, 0, 160
8, 0, 0, 0, 0, 122
9, 0, 0, 0, 0, 123
10, 0, 0, 0, 0, 90
11, 0, 0, 0, 0, 94
12, 0, 0, 0, 0, 66
13, 0, 0, 0, 0, 64
14, 0, 0, 0, 0, 48
15, 0, 0, 0, 0, 46
0, 0, 0, 0, 0, 23
1, 0, 0, 0, 0, 22
2, 0, 0, 0, 0, 21
3, 0, 0, 0, 0, 21
4, 0, 0, 0, 0, 16
5, 0, 0, 0, 0, 16
6, 0, 0, 0, 0, 18
7, 0, 0, 0, 0, 22
8, 0, 0, 0, 0, 31
9, 0, 0, 0, 0, 22
10, 0, 0, 0, 0, 46
11, 0, 0, 0, 0, 42
12, 0, 0, 0, 0, 71
13, 0, 0, 0, 0, 59
14, 0, 0, 0, 0, 92
15, 0, 0, 0, 0, 97
0, 0, 0, 0, 0, 128
1, 0, 0, 0, 0, 128
2, 0, 0, 0, 0, 163
3, 0, 0, 0, 0, 173
4, 0, 0, 0, 0, 208
5, 0, 0, 0, 0, 208
6, 0, 0, 0, 0, 259
7, 0, 0, 0, 0, 262
8, 0, 0, 0, 0, 325
9, 0, 0, 0, 0, 320
10, 0, 0, 0, 0, 386
11, 0, 0, 0, 0, 379
12, 0, 0, 0, 0, 447
13, 0, 0, 0, 0, 449
14, 0, 0, 0, 0, 524
15, 0, 0, 0, 0, 524
0, 0, 0, 0, 0, 601
1, 0, 0, 0, 0, 602
2, 0, 0, 0, 0, 673
3, 0, 0, 0, 0, 678
4, 0, 0, 0, 0, 758
5, 0, 0, 0, 0, 762
6, 0, 0, 0, 0, 848
7, 0, 0, 0, 0, 851
8, 0, 0, 0, 0, 942
9, 0, 0, 0, 0, 943
10, 0, 0, 0, 0, 1040
11, 0, 0, 0, 0, 1036
12, 0, 0, 0, 0, 1129
13, 0, 0, 0, 0, 1136
14, 0, 0, 0, 0, 1234
15, 0, 0, 0, 0, 1231
0, 0, 0, 0, 0, 1329
1, 0, 0, 0, 0, 1333
2, 0, 0, 0, 0, 1429
3, 0, 0, 0, 0, 1431
4, 0, 0, 0, 0, 1543
5, 0, 0, 0, 0, 1545
6, 0, 0, 0, 0, 1645
7, 0, 0, 0, 0, 1645
8, 0, 0, 0, 0, 1743
9, 0, 0, 0, 0, 1742
10, 0, 0, 0, 0, 1843
11, 0, 0, 0, 0, 1837
12, 0, 0, 0, 0, 1938
13, 0, 0, 0, 0, 1941
14, 0, 0, 0, 0, 2046
15, 0, 0, 0, 0, 2042
0, 0, 0, 0, 0, 2143
1, 0, 0, 0, 0, 2146
2, 0, 0, 0, 0, 2239
3, 0, 0, 0, 0, 2234
4, 0, 0, 0, 0, 2330
5, 0, 0, 0, 0, 2333
6, 0, 0, 0, 0, 2416
7, 0, 0, 0, 0, 2421
8, 0, 0, 0, 0, 2513
9, 0, 0, 0, 0, 2512
10, 0, 0, 0, 0, 2606
11, 0, 0, 0, 0, 2602
12, 0, 0, 0, 0, 2686
13, 0, 0, 0, 0, 2686
14, 0, 0, 0, 0, 2764
15, 0, 0, 0, 0, 2769
0, 0, 0, 0, 0, 2851
1, 0, 0, 0, 0, 2847
2, 0, 0, 0, 0, 2919
3, 0, 0, 0, 0, 2927
4, 0, 0, 0, 0, 2992
5, 0, 0, 0, 0, 2994
6, 0, 0, 0, 0, 3069
7, 0, 0, 0, 0, 3061
8, 0, 0, 0, 0, 3136
9, 0, 0, 0, 0, 3129
10, 0, 0, 0, 0, 3197
11, 0, 0, 0, 0, 3201
12, 0, 0, 0, 0, 3255
13, 0, 0, 0, 0, 3259
14, 0, 0, 0, 0, 3302
15, 0, 0, 0, 0, 3299
0, 0, 0, 0, 0, 3344
1, 0, 0, 0, 0, 3344
2, 0, 0, 0, 0, 3381
3, 0, 0, 0, 0, 3379
4, 0, 0, 0, 0, 3404
5, 0, 0, 0, 0, 3405
6, 0, 0, 0, 0, 3414
7, 0, 0, 0, 0, 3413
8, 0, 0, 0, 0, 3423
9, 0, 0, 0, 0, 3427
10, 0, 0, 0, 0, 3421
11, 0, 0, 0, 0, 3415
12, 0, 0, 0, 0, 3398
13, 0, 0, 0, 0, 3397
14, 0, 0, 0, 0, 3388
15, 0, 0, 0, 0, 3377
0, 0, 0, 0, 0, 3344
1, 0, 0, 0, 0, 3350
2, 0, 0, 0, 0, 3300
3, 0, 0, 0, 0, 3307
4, 0, 0, 0, 0, 3255
5, 0, 0, 0, 0, 3257
6, 0, 0, 0, 0, 3202
7, 0, 0, 0, 0, 3199
8, 0, 0, 0, 0, 3137
9, 0, 0, 0, 0, 3134
10, 0, 0, 0, 0, 3066
11, 0, 0, 0, 0, 3066
12, 0, 0, 0, 0, 2991
13, 0, 0, 0, 0, 2996
14, 0, 0, 0, 0, 2919
15, 0, 0, 0, 0, 2922
0, 0, 0, 0, 0, 2851
1, 0, 0, 0, 0, 2849
2, 0, 0, 0, 0, 2768
3, 0, 0, 0, 0, 2768
4, 0, 0, 0, 0, 2690
5, 0, 0, 0, 0, 2688
6, 0, 0, 0, 0, 2606
7, 0, 0, 0, 0, 2608
8, 0, 0, 0, 0, 2512
9, 0, 0, 0, 0, 2512
10, 0, 0, 0, 0, 2429
11, 0, 0, 0, 0, 2428
12, 0, 0, 0, 0, 2331
13, 0, 0, 0, 0, 2334
14, 0, 0, 0, 0, 2238
15, 0, 0, 0, 0, 2243
0, 0, 0, 0, 0, 2143
1, 0, 0, 0, 0, 2147
2, 0, 0, 0, 0, 2056
3, 0, 0, 0, 0, 2044
4, 0, 0, 0, 0, 1945
5, 0, 0, 0, 0, 1945
6, 0, 0, 0, 0, 1846
7, 0, 0, 0, 0, 1846
8, 0, 0, 0, 0, 1745
9, 0, 0, 0, 0, 1744
10, 0, 0, 0, 0, 1637
11, 0, 0, 0, 0, 1641
12, 0, 0, 0, 0, 1535
13, 0, 0, 0, 0, 1547
14, 0, 0, 0, 0, 1429
15, 0, 0, 0, 0, 1430
0, 0, 0, 0, 0, 1335
1, 0, 0, 0, 0, 1337
2, 0, 0, 0, 0, 1230
3, 0, 0, 0, 0, 1231
4, 0, 0, 0, 0, 1136
5, 0, 0, 0, 0, 1136
6, 0, 0, 0, 0, 1039
7, 0, 0, 0, 0, 1035
8, 0, 0, 0, 0, 933
9, 0, 0, 0, 0, 943
10, 0, 0, 0, 0, 847
11, 0, 0, 0, 0, 848
12, 0, 0, 0, 0, 759
13, 0, 0, 0, 0, 757
14, 0, 0, 0, 0, 675
15, 0, 0, 0, 0, 676
0, 0, 0, 0, 0, 599
1, 0, 0, 0, 0, 595
2, 0, 0, 0, 0, 523
3, 0, 0, 0, 0, 526
4, 0, 0, 0, 0, 448
5, 0, 0, 0, 0, 450
6, 0, 0, 0, 0, 381
7, 0, 0, 0, 0, 384
8, 0, 0, 0, 0, 321
9, 0, 0, 0, 0, 320
10, 0, 0, 0, 0, 262
11, 0, 0, 0, 0, 263
12, 0, 0, 0, 0, 210
13, 0, 0, 0, 0, 210
14, 0, 0, 0, 0, 163
15, 0, 0, 0, 0, 170
0, 0, 0, 0, 0, 126
1, 0, 0, 0, 0, 128
2, 0, 0, 0, 0, 90
3, 0, 0, 0, 0, 100
4, 0, 0, 0, 0, 67
5, 0, 0, 0, 0, 64
6, 0, 0, 0, 0, 44
7, 0, 0, 0, 0, 43
8, 0, 0, 0, 0, 32
9, 0, 0, 0, 0, 27
10, 0, 0, 0, 0, 19
11, 0, 0, 0, 0, 16
12, 0, 0, 0, 0, 17
13, 0, 0, 0, 0, 16
14, 0, 0, 0, 0, 16
15, 0, 0, 0, 0, 23
0, 0, 0, 0, 0, 27
1, 0, 0, 0, 0, 32
2, 0, 0, 0, 0, 48
3, 0, 0, 0, 0, 46
4, 0, 0, 0, 0, 65
5, 0, 0, 0, 0, 68
6, 0, 0, 0, 0, 89
7, 0, 0, 0, 0, 97
8, 0, 0, 0, 0, 129
9, 0, 0, 0, 0, 128
10, 0, 0, 0, 0, 165
11, 0, 0, 0, 0, 171
12, 0, 0, 0, 0, 210
13, 0, 0, 0, 0, 208
14, 0, 0, 0, 0, 261
15, 0, 0, 0, 0, 263
0, 0, 0, 0, 0, 325
1, 0, 0, 0, 0, 325
2, 0, 0, 0, 0, 382
3, 0, 0, 0, 0, 381
4, 0, 0, 0, 0, 446
5, 0, 0, 0, 0, 446
6, 0, 0, 0, 0, 527
7, 0, 0, 0, 0, 528
8, 0, 0, 0, 0, 601
9, 0, 0, 0, 0, 598
10, 0, 0, 0, 0, 674
11, 0, 0, 0, 0, 678
12, 0, 0, 0, 0, 761
13, 0, 0, 0, 0, 753
14, 0, 0, 0, 0, 847
15, 0, 0, 0, 0, 848
0, 0, 0, 0, 0, 942
1, 0, 0, 0, 0, 941
2, 0, 0, 0, 0, 1040
3, 0, 0, 0, 0, 1040
4, 0, 0, 0, 0, 1136
5, 0, 0, 0, 0, 1135
6, 0, 0, 0, 0, 1234
7, 0, 0, 0, 0, 1232
8, 0, 0, 0, 0, 1328
9, 0, 0, 0, 0, 1328
10, 0, 0, 0, 0, 1429
11, 0, 0, 0, 0, 1430
12, 0, 0, 0, 0, 1531
13, 0, 0, 0, 0, 1534
14, 0, 0, 0, 0, 1647
15, 0, 0, 0, 0, 1644
0, 0, 0, 0, 0, 1739
1, 0, 0, 0, 0, 1744
2, 0, 0, 0, 0, 1844
3, 0, 0, 0, 0, 1840
4, 0, 0, 0, 0, 1946
5, 0, 0, 0, 0, 1946
6, 0, 0, 0, 0, 2042
7, 0, 0, 0, 0, 2039
8, 0, 0, 0, 0, 2149
9, 0, 0, 0, 0, 2146
10, 0, 0, 0, 0, 2239
11, 0, 0, 0, 0, 2241
12, 0, 0, 0, 0, 2339
13, 0, 0, 0, 0, 2337
14, 0, 0, 0, 0, 2431
15, 0, 0, 0, 0, 2426
0, 0, 0, 0, 0, 2512
1, 0, 0, 0, 0, 2512
2, 0, 0, 0, 0, 2605
3, 0, 0, 0, 0, 2607
4, 0, 0, 0, 0, 2689
5, 0, 0, 0, 0, 2687
6, 0, 0, 0, 0, 2768
7, 0, 0, 0, 0, 2767
8, 0, 0, 0, 0, 2842
9, 0, 0, 0, 0, 2847
10, 0, 0, 0, 0, 2925
11, 0, 0, 0, 0, 2923
12, 0, 0, 0, 0, 2993
13, 0, 0, 0, 0, 2990
14, 0, 0, 0, 0, 3059
15, 0, 0, 0, 0, 3066
0, 0, 0, 0, 0, 3127
1, 0, 0, 0, 0, 3135
2, 0, 0, 0, 0, 3197
3, 0, 0, 0, 0, 3195
4, 0, 0, 0, 0, 3256
5, 0, 0, 0, 0, 3253
6, 0, 0, 0, 0, 3306
7, 0, 0, 0, 0, 3310
8, 0, 0, 0, 0, 3344
9, 0, 0, 0, 0, 3344
10, 0, 0, 0, 0, 3382
11, 0, 0, 0, 0, 3373
12, 0, 0, 0, 0, 3398
13, 0, 0, 0, 0, 3408
14, 0, 0, 0, 0, 3413
15, 0, 0, 0, 0, 3413
0, 0, 0, 0, 0, 3417
1, 0, 0, 0, 0, 3425
2, 0, 0, 0, 0, 3428
3, 0, 0, 0, 0, 3419
4, 0, 0, 0, 0, 3402
5, 0, 0, 0, 0, 3406
6, 0, 0, 0, 0, 3378
7, 0, 0, 0, 0, 3377
8, 0, 0, 0, 0, 3342
9, 0, 0, 0, 0, 3343
10, 0, 0, 0, 0, 3295
11, 0, 0, 0, 0, 3299
12, 0, 0, 0, 0, 3250
13, 0, 0, 0, 0, 3247
14, 0, 0, 0, 0, 3194
15, 0, 0, 0, 0, 3200
0, 0, 0, 0, 0, 3133
1, 0, 0, 0, 0, 3137
2, 0, 0, 0, 0, 3065
3, 0, 0, 0, 0, 3062
4, 0, 0, 0, 0, 2992
5, 0, 0, 0, 0, 2992
6, 0, 0, 0, 0, 2920
7, 0, 0, 0, 0, 2923
8, 0, 0, 0, 0, 2849
9, 0, 0, 0, 0, 2841
10, 0, 0, 0, 0, 2770
11, 0, 0, 0, 0, 2767
12, 0, 0, 0, 0, 2684
13, 0, 0, 0, 0, 2687
14, 0, 0, 0, 0, 2608
15, 0, 0, 0, 0, 2606
0, 0, 0, 0, 0, 2517
1, 0, 0, 0, 0, 2514
2, 0, 0, 0, 0, 2421
3, 0, 0, 0, 0, 2423
4, 0, 0, 0, 0, 2334
5, 0, 0, 0, 0, 2333
6, 0, 0, 0, 0, 2243
7, 0, 0, 0, 0, 2240
8, 0, 0, 0, 0, 2147
9, 0, 0, 0, 0, 2141
10, 0, 0, 0, 0, 2053
11, 0, 0, 0, 0, 2044
12, 0, 0, 0, 0, 1940
13, 0, 0, 0, 0, 1941
14, 0, 0, 0, 0, 1843
15, 0, 0, 0, 0, 1845
0, 0, 0, 0, 0, 1744
1, 0, 0, 0, 0, 1744
2, 0, 0, 0, 0, 1639
3, 0, 0, 0, 0, 1646
4, 0, 0, 0, 0, 1535
5, 0, 0, 0, 0, 1534
6, 0, 0, 0, 0, 1429
7, 0, 0, 0, 0, 1430
8, 0, 0, 0, 0, 1337
9, 0, 0, 0, 0, 1333
10, 0, 0, 0, 0, 1234
11, 0, 0, 0, 0, 1231
12, 0, 0, 0, 0, 1134
13, 0, 0, 0, 0, 1136
14, 0, 0, 0, 0, 1040
15, 0, 0, 0, 0, 1038
0, 0, 0, 0, 0, 945
1, 0, 0, 0, 0, 944
2, 0, 0, 0, 0, 847
3, 0, 0, 0, 0, 848
4, 0, 0, 0, 0, 757
5, 0, 0, 0, 0, 753
6, 0, 0, 0, 0, 679
7, 0, 0, 0, 0, 675
8, 0, 0, 0, 0, 592
9, 0, 0, 0, 0, 598
10, 0, 0, 0, 0, 526
11, 0, 0, 0, 0, 527
12, 0, 0, 0, 0, 450
13, 0, 0, 0, 0, 443
14, 0, 0, 0, 0, 385
15, 0, 0, 0, 0, 384
0, 0, 0, 0, 0, 320
1, 0, 0, 0, 0, 320
2, 0, 0, 0, 0, 264
3, 0, 0, 0, 0, 263
4, 0, 0, 0, 0, 209
5, 0, 0, 0, 0, 208
6, 0, 0, 0, 0, 166
7, 0, 0, 0, 0, 170
8, 0, 0, 0, 0, 128
9, 0, 0, 0, 0, 128
10, 0, 0, 0, 0, 96
11, 0, 0, 0, 0, 91
12, 0, 0, 0, 0, 65
13, 0, 0, 0, 0, 64
14, 0, 0, 0, 0, 41
15, 0, 0, 0, 0, 46
0, 0, 0, 0, 0, 27
1, 0, 0, 0, 0, 29
2, 0, 0, 0, 0, 22
3, 0, 0, 0, 0, 17
4, 0, 0, 0, 0, 19
5, 0, 0, 0, 0, 17
6, 0, 0, 0, 0, 16
7, 0, 0, 0, 0, 18
8, 0, 0, 0, 0, 32
9, 0, 0, 0, 0, 25
10, 0, 0, 0, 0, 45
11, 0, 0, 0, 0, 45
12, 0, 0, 0, 0, 67
13, 0, 0, 0, 0, 64
14, 0, 0, 0, 0, 94
15, 0, 0, 0, 0, 90
0, 0, 0, 0, 0, 126
1, 0, 0, 0, 0, 128
2, 0, 0, 0, 0, 166
3, 0, 0, 0, 0, 167
4, 0, 0, 0, 0, 210
5, 0, 0, 0, 0, 208
6, 0, 0, 0, 0, 267
7, 0, 0, 0, 0, 267
8, 0, 0, 0, 0, 320
9, 0, 0, 0, 0, 321
10, 0, 0, 0, 0, 379
11, 0, 0, 0, 0, 381
12, 0, 0, 0, 0, 447
13, 0, 0, 0, 0, 444
14, 0, 0, 0, 0, 528
15, 0, 0, 0, 0, 511
0, 0, 0, 0, 0, 595
1, 0, 0, 0, 0, 601
2, 0, 0, 0, 0, 679
3, 0, 0, 0, 0, 676
4, 0, 0, 0, 0, 766
5, 0, 0, 0, 0, 756
6, 0, 0, 0, 0, 849
7, 0, 0, 0, 0, 844
8, 0, 0, 0, 0, 939
9, 0, 0, 0, 0, 941
10, 0, 0, 0, 0, 1038
11, 0, 0, 0, 0, 1040
12, 0, 0, 0, 0, 1134
13, 0, 0, 0, 0, 1134
14, 0, 0, 0, 0, 1229
15, 0, 0, 0, 0, 1235
0, 0, 0, 0, 0, 1328
1, 0, 0, 0, 0, 1331
2, 0, 0, 0, 0, 1435
3, 0, 0, 0, 0, 1430
4, 0, 0, 0, 0, 1534
5, 0, 0, 0, 0, 1535
6, 0, 0, 0, 0, 1642
7, 0, 0, 0, 0, 1645
8, 0, 0, 0, 0, 1744
9, 0, 0, 0, 0, 1739
10, 0, 0, 0, 0, 1842
11, 0, 0, 0, 0, 1841
12, 0, 0, 0, 0, 1940
13, 0, 0, 0, 0, 1945
14, 0, 0, 0, 0, 2042
15, 0, 0, 0, 0, 2046
0, 0, 0, 0, 0, 2142
1, 0, 0, 0, 0, 2145
2, 0, 0, 0, 0, 2242
3, 0, 0, 0, 0, 2245
4, 0, 0, 0, 0, 2331
5, 0, 0, 0, 0, 2338
6, 0, 0, 0, 0, 2429
7, 0, 0, 0, 0, 2423
8, 0, 0, 0, 0, 2512
9, 0, 0, 0, 0, 2512
10, 0, 0, 0, 0, 2605
11, 0, 0, 0, 0, 2602
12, 0, 0, 0, 0, 2691
13, 0, 0, 0, 0, 2689
14, 0, 0, 0, 0, 2762
15, 0, 0, 0, 0, 2768
0, 0, 0, 0, 0, 2845
1, 0, 0, 0, 0, 2848
2, 0, 0, 0, 0, 2919
3, 0, 0, 0, 0, 2926
4, 0, 0, 0, 0, 2990
5, 0, 0, 0, 0, 2990
6, 0, 0, 0, 0, 3059
7, 0, 0, 0, 0, 3066
8, 0, 0, 0, 0, 3136
9, 0, 0, 0, 0, 3131
10, 0, 0, 0, 0, 3195
11, 0, 0, 0, 0, 3200
12, 0, 0, 0, 0, 3257
13, 0, 0, 0, 0, 3250
14, 0, 0, 0, 0, 3301
15, 0, 0, 0, 0, 3302
0, 0, 0, 0, 0, 3345
1, 0, 0, 0, 0, 3344
2, 0, 0, 0, 0, 3382
3, 0, 0, 0, 0, 3375
4, 0, 0, 0, 0, 3399
5, 0, 0, 0, 0, 3408
6, 0, 0, 0, 0, 3423
7, 0, 0, 0, 0, 3421
8, 0, 0, 0, 0, 3430
9, 0, 0, 0, 0, 3418
10, 0, 0, 0, 0, 3420
11, 0, 0, 0, 0, 3422
12, 0, 0, 0, 0, 3407
13, 0, 0, 0, 0, 3401
14, 0, 0, 0, 0, 3376
15, 0, 0, 0, 0, 3376
0, 0, 0, 0, 0, 3348
1, 0, 0, 0, 0, 3348
2, 0, 0, 0, 0, 3299
3, 0, 0, 0, 0, 3310
4, 0, 0, 0, 0, 3250
5, 0, 0, 0, 0, 3253
6, 0, 0, 0, 0, 3195
7, 0, 0, 0, 0, 3199
8, 0, 0, 0, 0, 3135
9, 0, 0, 0, 0, 3135
10, 0, 0, 0, 0, 3062
11, 0, 0, 0, 0, 3057
12, 0, 0, 0, 0, 2992
13, 0, 0, 0, 0, 2992
14, 0, 0, 0, 0, 2926
15, 0, 0, 0, 0, 2927
0, 0, 0, 0, 0, 2843
1, 0, 0, 0, 0, 2848
2, 0, 0, 0, 0, 2769
3, 0, 0, 0, 0, 2766
4, 0, 0, 0, 0, 2689
5, 0, 0, 0, 0, 2688
6, 0, 0, 0, 0, 2602
7, 0, 0, 0, 0, 2608
8, 0, 0, 0, 0, 2513
9, 0, 0, 0, 0, 2512
10, 0, 0, 0, 0, 2430
11, 0, 0, 0, 0, 2427
12, 0, 0, 0, 0, 2331
13, 0, 0, 0, 0, 2337
14, 0, 0, 0, 0, 2240
15, 0, 0, 0, 0, 2243
0, 0, 0, 0, 0, 2149
1, 0, 0, 0, 0, 2149
2, 0, 0, 0, 0, 2046
3, 0, 0, 0, 0, 2053
4, 0, 0, 0, 0, 1940
5, 0, 0, 0, 0, 1946
6, 0, 0, 0, 0, 1840
7, 0, 0, 0, 0, 1842
8, 0, 0, 0, 0, 1743
9, 0, 0, 0, 0, 1743
10, 0, 0, 0, 0, 1638
11, 0, 0, 0, 0, 1646
12, 0, 0, 0, 0, 1545
13, 0, 0, 0, 0, 1533
14, 0, 0, 0, 0, 1431
15, 0, 0, 0, 0, 1430
0, 0, 0, 0, 0, 1328
1, 0, 0, 0, 0, 1330
2, 0, 0, 0, 0, 1227
3, 0, 0, 0, 0, 1232
4, 0, 0, 0, 0, 1136
5, 0, 0, 0, 0, 1136
6, 0, 0, 0, 0, 1037
7, 0, 0, 0, 0, 1033
8, 0, 0, 0, 0, 941
9, 0, 0, 0, 0, 940
10, 0, 0, 0, 0, 848
11, 0, 0, 0, 0, 847
12, 0, 0, 0, 0, 754
13, 0, 0, 0, 0, 757
14, 0, 0, 0, 0, 659
15, 0, 0, 0, 0, 681
0, 0, 0, 0, 0, 593
1, 0, 0, 0, 0, 597
2, 0, 0, 0, 0, 525
3, 0, 0, 0, 0, 527
4, 0, 0, 0, 0, 448
5, 0, 0, 0, 0, 447
6, 0, 0, 0, 0, 379
7, 0, 0, 0, 0, 375
8, 0, 0, 0, 0, 323
9, 0, 0, 0, 0, 321
10, 0, 0, 0, 0, 261
11, 0, 0, 0, 0, 267
12, 0, 0, 0, 0, 214
13, 0, 0, 0, 0, 207
14, 0, 0, 0, 0, 169
15, 0, 0, 0, 0, 161
0, 0, 0, 0, 0, 125
1, 0, 0, 0, 0, 128
2, 0, 0, 0, 0, 95
3, 0, 0, 0, 0, 93
4, 0, 0, 0, 0, 64
5, 0, 0, 0, 0, 64
6, 0, 0, 0, 0, 45
7, 0, 0, 0, 0, 48
8, 0, 0, 0, 0, 32
9, 0, 0, 0, 0, 25
10, 0, 0, 0, 0, 16
11, 0, 0, 0, 0, 18
12, 0, 0, 0, 0, 16
13, 0, 0, 0, 0, 19
14, 0, 0, 0, 0, 21
15, 0, 0, 0, 0, 20
0, 0, 0, 0, 0, 29
1, 0, 0, 0, 0, 25
2, 0, 0, 0, 0, 47
3, 0, 0, 0, 0, 47
4, 0, 0, 0, 0, 67
5, 0, 0, 0, 0, 67
6, 0, 0, 0, 0, 92
7, 0, 0, 0, 0, 91
8, 0, 0, 0, 0, 119
9, 0, 0, 0, 0, 125
10, 0, 0, 0, 0, 165
11, 0, 0, 0, 0, 163
12, 0, 0, 0, 0, 192
13, 0, 0, 0, 0, 210
14, 0, 0, 0, 0, 270
15, 0, 0, 0, 0, 262
0, 0, 0, 0, 0, 320
1, 0, 0, 0, 0, 320
2, 0, 0, 0, 0, 383
3, 0, 0, 0, 0, 385
4, 0, 0, 0, 0, 445
5, 0, 0, 0, 0, 449
6, 0, 0, 0, 0, 527
7, 0, 0, 0, 0, 519
8, 0, 0, 0, 0, 595
9, 0, 0, 0, 0, 595
10, 0, 0, 0, 0, 678
11, 0, 0, 0, 0, 679
12, 0, 0, 0, 0, 763
13, 0, 0, 0, 0, 757
14, 0, 0, 0, 0, 848
15, 0, 0, 0, 0, 848
0, 0, 0, 0, 0, 939
1, 0, 0, 0, 0, 939
2, 0, 0, 0, 0, 1040
3, 0, 0, 0, 0, 1037
4, 0, 0, 0, 0, 1133
5, 0, 0, 0, 0, 1138
6, 0, 0, 0, 0, 1235
7, 0, 0, 0, 0, 1233
8, 0, 0, 0, 0, 1331
9, 0, 0, 0, 0, 1332
10, 0, 0, 0, 0, 1434
11, 0, 0, 0, 0, 1427
12, 0, 0, 0, 0, 1530
13, 0, 0, 0, 0, 1535
14, 0, 0, 0, 0, 1638
15, 0, 0, 0, 0, 1643
0, 0, 0, 0, 0, 1745
1, 0, 0, 0, 0, 1744
2, 0, 0, 0, 0, 1840
3, 0, 0, 0, 0, 1843
4, 0, 0, 0, 0, 1943
5, 0, 0, 0, 0, 1947
6, 0, 0, 0, 0, 2046
7, 0, 0, 0, 0, 2043
8, 0, 0, 0, 0, 2143
9, 0, 0, 0, 0, 2145
10, 0, 0, 0, 0, 2243
11, 0, 0, 0, 0, 2242
12, 0, 0, 0, 0, 2335
13, 0, 0, 0, 0, 2335
14, 0, 0, 0, 0, 2425
15, 0, 0, 0, 0, 2426
0, 0, 0, 0, 0, 2513
1, 0, 0, 0, 0, 2519
2, 0, 0, 0, 0, 2605
3, 0, 0, 0, 0, 2608
4, 0, 0, 0, 0, 2686
5, 0, 0, 0, 0, 2693
6, 0, 0, 0, 0, 2768
7, 0, 0, 0, 0, 2767
8, 0, 0, 0, 0, 2847
9, 0, 0, 0, 0, 2847
10, 0, 0, 0, 0, 2927
11, 0, 0, 0, 0, 2923
12, 0, 0, 0, 0, 2990
13, 0, 0, 0, 0, 2994
14, 0, 0, 0, 0, 3067
15, 0, 0, 0, 0, 3065
0, 0, 0, 0, 0, 3134
1, 0, 0, 0, 0, 3136
2, 0, 0, 0, 0, 3199
3, 0, 0, 0, 0, 3201
4, 0, 0, 0, 0, 3251
5, 0, 0, 0, 0, 3254
6, 0, 0, 0, 0, 3307
7, 0, 0, 0, 0, 3301
8, 0, 0, 0, 0, 3348
9, 0, 0, 0, 0, 3350
10, 0, 0, 0, 0, 3377
11, 0, 0, 0, 0, 3383
12, 0, 0, 0, 0, 3404
13, 0, 0, 0, 0, 3405
14, 0, 0, 0, 0, 3419
15, 0, 0, 0, 0, 3415
0, 0, 0, 0, 0, 3423
1, 0, 0, 0, 0, 3417
2, 0, 0, 0, 0, 3416
3, 0, 0, 0, 0, 3415
4, 0, 0, 0, 0, 3405
5, 0, 0, 0, 0, 3407
6, 0, 0, 0, 0, 3376
7, 0, 0, 0, 0, 3376
8, 0, 0, 0, 0, 3343
9, 0, 0, 0, 0, 3344
10, 0, 0, 0, 0, 3299
11, 0, 0, 0, 0, 3305
12, 0, 0, 0, 0, 3248
13, 0, 0, 0, 0, 3253
14, 0, 0, 0, 0, 3200
15, 0, 0, 0, 0, 3199
0, 0, 0, 0, 0, 3139
1, 0, 0, 0, 0, 3136
2, 0, 0, 0, 0, 3062
3, 0, 0, 0, 0, 3059
4, 0, 0, 0, 0, 2995
5, 0, 0, 0, 0, 2997
6, 0, 0, 0, 0, 2928
7, 0, 0, 0, 0, 2926
8, 0, 0, 0, 0, 2849
9, 0, 0, 0, 0, 2846
10, 0, 0, 0, 0, 2771
11, 0, 0, 0, 0, 2766
12, 0, 0, 0, 0, 2689
13, 0, 0, 0, 0, 2689
14, 0, 0, 0, 0, 2608
15, 0, 0, 0, 0, 2609
0, 0, 0, 0, 0, 2513
1, 0, 0, 0, 0, 2515
2, 0, 0, 0, 0, 2421
3, 0, 0, 0, 0, 2430
4, 0, 0, 0, 0, 2338
5, 0, 0, 0, 0, 2331
6, 0, 0, 0, 0, 2243
7, 0, 0, 0, 0, 2243
8, 0, 0, 0, 0, 2150
9, 0, 0, 0, 0, 2146
10, 0, 0, 0, 0, 2047
11, 0, 0, 0, 0, 2047
12, 0, 0, 0, 0, 1946
13, 0, 0, 0, 0, 1945
14, 0, 0, 0, 0, 1841
15, 0, 0, 0, 0, 1845
0, 0, 0, 0, 0, 1742
1, 0, 0, 0, 0, 1743
2, 0, 0, 0, 0, 1645
3, 0, 0, 0, 0, 1639
4, 0, 0, 0, 0, 1531
5, 0, 0, 0, 0, 1533
6, 0, 0, 0, 0, 1430
7, 0, 0, 0, 0, 1430
8, 0, 0, 0, 0, 1328
9, 0, 0, 0, 0, 1334
10, 0, 0, 0, 0, 1230
11, 0, 0, 0, 0, 1232
12, 0, 0, 0, 0, 1133
13, 0, 0, 0, 0, 1136
14, 0, 0, 0, 0, 1034
15, 0, 0, 0, 0, 1040
0, 0, 0, 0, 0, 939
1, 0, 0, 0, 0, 940
2, 0, 0, 0, 0, 845
3, 0, 0, 0, 0, 847
4, 0, 0, 0, 0, 763
5, 0, 0, 0, 0, 762
6, 0, 0, 0, 0, 677
7, 0, 0, 0, 0, 681
8, 0, 0, 0, 0, 597
9, 0, 0, 0, 0, 598
10, 0, 0, 0, 0, 527
11, 0, 0, 0, 0, 525
12, 0, 0, 0, 0, 453
13, 0, 0, 0, 0, 448
14, 0, 0, 0, 0, 378
15, 0, 0, 0, 0, 377
0, 0, 0, 0, 0, 319
1, 0, 0, 0, 0, 320
2, 0, 0, 0, 0, 266
3, 0, 0, 0, 0, 265
4, 0, 0, 0, 0, 214
5, 0, 0, 0, 0, 209
6, 0, 0, 0, 0, 165
7, 0, 0, 0, 0, 170
8, 0, 0, 0, 0, 128
9, 0, 0, 0, 0, 128
10, 0, 0, 0, 0, 98
11, 0, 0, 0, 0, 93
12, 0, 0, 0, 0, 69
13, 0, 0, 0, 0, 67
14, 0, 0, 0, 0, 46
15, 0, 0, 0, 0, 48
0, 0, 0, 0, 0, 26
1, 0, 0, 0, 0, 27
2, 0, 0, 0, 0, 17
3, 0, 0, 0, 0, 16
4, 0, 0, 0, 0, 16
5, 0, 0, 0, 0, 16
6, 0, 0, 0, 0, 21
7, 0, 0, 0, 0, 17
8, 0, 0, 0, 0, 27
9, 0, 0, 0, 0, 34
10, 0, 0, 0, 0, 44
11, 0, 0, 0, 0, 48
12, 0, 0, 0, 0, 66
13, 0, 0, 0, 0, 66
14, 0, 0, 0, 0, 97
15, 0, 0, 0, 0, 92
0, 0, 0, 0, 0, 123
1, 0, 0, 0, 0, 122
2, 0, 0, 0, 0, 166
3, 0, 0, 0, 0, 173
4, 0, 0, 0, 0, 212
5, 0, 0, 0, 0, 210
6, 0, 0, 0, 0, 259
7, 0, 0, 0, 0, 267
8, 0, 0, 0, 0, 322
9, 0, 0, 0, 0, 320
10, 0, 0, 0, 0, 385
11, 0, 0, 0, 0, 375
12, 0, 0, 0, 0, 442
13, 0, 0, 0, 0, 448
14, 0, 0, 0, 0, 523
15, 0, 0, 0, 0, 522
0, 0, 0, 0, 0, 599
1, 0, 0, 0, 0, 595
2, 0, 0, 0, 0, 680
3, 0, 0, 0, 0, 678
4, 0, 0, 0, 0, 753
5, 0, 0, 0, 0, 755
6, 0, 0, 0, 0, 848
7, 0, 0, 0, 0, 848
8, 0, 0, 0, 0, 944
9, 0, 0, 0, 0, 938
10, 0, 0, 0, 0, 1038
11, 0, 0, 0, 0, 1040
12, 0, 0, 0, 0, 1136
13, 0, 0, 0, 0, 1134
14, 0, 0, 0, 0, 1232
15, 0, 0, 0, 0, 1231
0, 0, 0, 0, 0, 1328
1, 0, 0, 0, 0, 1331
2, 0, 0, 0, 0, 1435
3, 0, 0, 0, 0, 1431
4, 0, 0, 0, 0, 1543
5, 0, 0, 0, 0, 1535
6, 0, 0, 0, 0, 1645
7, 0, 0, 0, 0, 1641
8, 0, 0, 0, 0, 1743
9, 0, 0, 0, 0, 1742
10, 0, 0, 0, 0, 1845
11, 0, 0, 0, 0, 1845
12, 0, 0, 0, 0, 1943
13, 0, 0, 0, 0, 1946
14, 0, 0, 0, 0, 2043
15, 0, 0, 0, 0, 2047
0, 0, 0, 0, 0, 2141
1, 0, 0, 0, 0, 2142
2, 0, 0, 0, 0, 2239
3, 0, 0, 0, 0, 2245
4, 0, 0, 0, 0, 2329
5, 0, 0, 0, 0, 2329
6, 0, 0, 0, 0, 2423
7, 0, 0, 0, 0, 2426
8, 0, 0, 0, 0, 2512
9, 0, 0, 0, 0, 2514
10, 0, 0, 0, 0, 2602
11, 0, 0, 0, 0, 2608
12, 0, 0, 0, 0, 2689
13, 0, 0, 0, 0, 2687
14, 0, 0, 0, 0, 2767
15, 0, 0, 0, 0, 2767
0, 0, 0, 0, 0, 2846
1, 0, 0, 0, 0, 2850
2, 0, 0, 0, 0, 2926
3, 0, 0, 0, 0, 2919
4, 0, 0, 0, 0, 2997
5, 0, 0, 0, 0, 2993
6, 0, 0, 0, 0, 3062
7, 0, 0, 0, 0, 3058
8, 0, 0, 0, 0, 3133
9, 0, 0, 0, 0, 3129
10, 0, 0, 0, 0, 3191
11, 0, 0, 0, 0, 3201
12, 0, 0, 0, 0, 3255
13, 0, 0, 0, 0, 3254
14, 0, 0, 0, 0, 3301
15, 0, 0, 0, 0, 3303
0, 0, 0, 0, 0, 3345
1, 0, 0, 0, 0, 3346
2, 0, 0, 0, 0, 3379
3, 0, 0, 0, 0, 3386
4, 0, 0, 0, 0, 3408
5, 0, 0, 0, 0, 3395
6, 0, 0, 0, 0, 3426
7, 0, 0, 0, 0, 3415
8, 0, 0, 0, 0, 3429
9, 0, 0, 0, 0, 3419
10, 0, 0, 0, 0, 3414
11, 0, 0, 0, 0, 3409
12, 0, 0, 0, 0, 3407
13, 0, 0, 0, 0, 3401
14, 0, 0, 0, 0, 3376
15, 0, 0, 0, 0, 3379
0, 0, 0, 0, 0, 3347
1, 0, 0, 0, 0, 3349
2, 0, 0, 0, 0, 3307
3, 0, 0, 0, 0, 3305
4, 0, 0, 0, 0, 3263
5, 0, 0, 0, 0, 3250
6, 0, 0, 0, 0, 3196
7, 0, 0, 0, 0, 3199
8, 0, 0, 0, 0, 3139
9, 0, 0, 0, 0, 3135
10, 0, 0, 0, 0, 3063
11, 0, 0, 0, 0, 3063
12, 0, 0, 0, 0, 3000
13, 0, 0, 0, 0, 2994
14, 0, 0, 0, 0, 2926
15, 0, 0, 0, 0, 2923
0, 0, 0, 0, 0, 2847
1, 0, 0, 0, 0, 2851
2, 0, 0, 0, 0, 2767
3, 0, 0, 0, 0, 2770
4, 0, 0, 0, 0, 2689
5, 0, 0, 0, 0, 2690
6, 0, 0, 0, 0, 2603
7, 0, 0, 0, 0, 2610
8, 0, 0, 0, 0, 2510
9, 0, 0, 0, 0, 2514
10, 0, 0, 0, 0, 2428
11, 0, 0, 0, 0, 2422
12, 0, 0, 0, 0, 2331
13, 0, 0, 0, 0, 2331
14, 0, 0, 0, 0, 2246
15, 0, 0, 0, 0, 2246
0, 0, 0, 0, 0, 2143
1, 0, 0, 0, 0, 2146
2, 0, 0, 0, 0, 2047
3, 0, 0, 0, 0, 2047
4, 0, 0, 0, 0, 1941
5, 0, 0, 0, 0, 1948
6, 0, 0, 0, 0, 1846
7, 0, 0, 0, 0, 1843
8, 0, 0, 0, 0, 1745
9, 0, 0, 0, 0, 1741
10, 0, 0, 0, 0, 1639
11, 0, 0, 0, 0, 1639
12, 0, 0, 0, 0, 1533
13, 0, 0, 0, 0, 1535
14, 0, 0, 0, 0, 1430
15, 0, 0, 0, 0, 1433
0, 0, 0, 0, 0, 1329
1, 0, 0, 0, 0, 1329
2, 0, 0, 0, 0, 1232
3, 0, 0, 0, 0, 1229
4, 0, 0, 0, 0, 1136
5, 0, 0, 0, 0, 1129
6, 0, 0, 0, 0, 1040
7, 0, 0, 0, 0, 1039
8, 0, 0, 0, 0, 944
9, 0, 0, 0, 0, 934
10, 0, 0, 0, 0, 848
11, 0, 0, 0, 0, 846
12, 0, 0, 0, 0, 761
13, 0, 0, 0, 0, 755
14, 0, 0, 0, 0, 674
15, 0, 0, 0, 0, 676
0, 0, 0, 0, 0, 597
1, 0, 0, 0, 0, 593
2, 0, 0, 0, 0, 524
3, 0, 0, 0, 0, 527
4, 0, 0, 0, 0, 449
5, 0, 0, 0, 0, 454
6, 0, 0, 0, 0, 381
7, 0, 0, 0, 0, 375
8, 0, 0, 0, 0, 318
9, 0, 0, 0, 0, 319
10, 0, 0, 0, 0, 265
11, 0, 0, 0, 0, 263
12, 0, 0, 0, 0, 210
13, 0, 0, 0, 0, 211
14, 0, 0, 0, 0, 163
15, 0, 0, 0, 0, 174
0, 0, 0, 0, 0, 127
1, 0, 0, 0, 0, 128
2, 0, 0, 0, 0, 94
3, 0, 0, 0, 0, 91
4, 0, 0, 0, 0, 64
5, 0, 0, 0, 0, 66
6, 0, 0, 0, 0, 43
7, 0, 0, 0, 0, 48
8, 0, 0, 0, 0, 33
9, 0, 0, 0, 0, 31
10, 0, 0, 0, 0, 19
11, 0, 0, 0, 0, 17
12, 0, 0, 0, 0, 18
13, 0, 0, 0, 0, 11
14, 0, 0, 0, 0, 22
15, 0, 0, 0, 0, 19
0, 0, 0, 0, 0, 31
1, 0, 0, 0, 0, 31
2, 0, 0, 0, 0, 45
3, 0, 0, 0, 0, 47
4, 0, 0, 0, 0, 65
5, 0, 0, 0, 0, 66
6, 0, 0, 0, 0, 97
7, 0, 0, 0, 0, 96
8, 0, 0, 0, 0, 123
9, 0, 0, 0, 0, 129
10, 0, 0, 0, 0, 165
11, 0, 0, 0, 0, 167
12, 0, 0, 0, 0, 208
13, 0, 0, 0, 0, 211
14, 0, 0, 0, 0, 263
15, 0, 0, 0, 0, 263
0, 0, 0, 0, 0, 321
1, 0, 0, 0, 0, 321
2, 0, 0, 0, 0, 381
3, 0, 0, 0, 0, 383
4, 0, 0, 0, 0, 448
5, 0, 0, 0, 0, 450
6, 0, 0, 0, 0, 525
7, 0, 0, 0, 0, 528
8, 0, 0, 0, 0, 597
9, 0, 0, 0, 0, 592
10, 0, 0, 0, 0, 674
11, 0, 0, 0, 0, 678
12, 0, 0, 0, 0, 762
13, 0, 0, 0, 0, 762
14, 0, 0, 0, 0, 849
15, 0, 0, 0, 0, 848
0, 0, 0, 0, 0, 941
1, 0, 0, 0, 0, 940
2, 0, 0, 0, 0, 1039
3, 0, 0, 0, 0, 1040
4, 0, 0, 0, 0, 1132
5, 0, 0, 0, 0, 1134
6, 0, 0, 0, 0, 1230
7, 0, 0, 0, 0, 1231
8, 0, 0, 0, 0, 1331
9, 0, 0, 0, 0, 1331
10, 0, 0, 0, 0, 1429
11, 0, 0, 0, 0, 1430
12, 0, 0, 0, 0, 1529
13, 0, 0, 0, 0, 1535
14, 0, 0, 0, 0, 1641
15, 0, 0, 0, 0, 1644
0, 0, 0, 0, 0, 1743
1, 0, 0, 0, 0, 1741
2, 0, 0, 0, 0, 1844
3, 0, 0, 0, 0, 1842
4, 0, 0, 0, 0, 1950
5, 0, 0, 0, 0, 1939
6, 0, 0, 0, 0, 2047
7, 0, 0, 0, 0, 2041
8, 0, 0, 0, 0, 2142
9, 0, 0, 0, 0, 2144
10, 0, 0, 0, 0, 2243
11, 0, 0, 0, 0, 2239
12, 0, 0, 0, 0, 2336
13, 0, 0, 0, 0, 2333
14, 0, 0, 0, 0, 2422
15, 0, 0, 0, 0, 2427
0, 0, 0, 0, 0, 2512
1, 0, 0, 0, 0, 2514
2, 0, 0, 0, 0, 2607
3, 0, 0, 0, 0, 2603
4, 0, 0, 0, 0, 2689
5, 0, 0, 0, 0, 2691
6, 0, 0, 0, 0, 2768
7, 0, 0, 0, 0, 2770
8, 0, 0, 0, 0, 2848
9, 0, 0, 0, 0, 2844
10, 0, 0, 0, 0, 2919
11, 0, 0, 0, 0, 2925
12, 0, 0, 0, 0, 2998
13, 0, 0, 0, 0, 2992
14, 0, 0, 0, 0, 3061
15, 0, 0, 0, 0, 3057
0, 0, 0, 0, 0, 3133
1, 0, 0, 0, 0, 3130
2, 0, 0, 0, 0, 3196
3, 0, 0, 0, 0, 3200
4, 0, 0, 0, 0, 3250
5, 0, 0, 0, 0, 3253
6, 0, 0, 0, 0, 3300
7, 0, 0, 0, 0, 3300
8, 0, 0, 0, 0, 3347
9, 0, 0, 0, 0, 3343
10, 0, 0, 0, 0, 3376
11, 0, 0, 0, 0, 3376
12, 0, 0, 0, 0, 3408
13, 0, 0, 0, 0, 3405
14, 0, 0, 0, 0, 3417
15, 0, 0, 0, 0, 3413
0, 0, 0, 0, 0, 3418
1, 0, 0, 0, 0, 3418
2, 0, 0, 0, 0, 3420
3, 0, 0, 0, 0, 3415
4, 0, 0, 0, 0, 3403
5, 0, 0, 0, 0, 3394
6, 0, 0, 0, 0, 3376
7, 0, 0, 0, 0, 3379
8, 0, 0, 0, 0, 3344
9, 0, 0, 0, 0, 3343
10, 0, 0, 0, 0, 3298
11, 0, 0, 0, 0, 3304
12, 0, 0, 0, 0, 3251
13, 0, 0, 0, 0, 3248
14, 0, 0, 0, 0, 3199
15, 0, 0, 0, 0, 3201
0, 0, 0, 0, 0, 3136
1, 0, 0, 0, 0, 3133
2, 0, 0, 0, 0, 3056
3, 0, 0, 0, 0, 3063
4, 0, 0, 0, 0, 2995
5, 0, 0, 0, 0, 2994
6, 0, 0, 0, 0, 2921
7, 0, 0, 0, 0, 2927
8, 0, 0, 0, 0, 2846
9, 0, 0, 0, 0, 2839
10, 0, 0, 0, 0, 2768
11, 0, 0, 0, 0, 2767
12, 0, 0, 0, 0, 2688
13, 0, 0, 0, 0, 2688
14, 0, 0, 0, 0, 2605
15, 0, 0, 0, 0, 2609
0, 0, 0, 0, 0, 2514
1, 0, 0, 0, 0, 2512
2, 0, 0, 0, 0, 2422
3, 0, 0, 0, 0, 2423
4, 0, 0, 0, 0, 2337
5, 0, 0, 0, 0, 2332
6, 0, 0, 0, 0, 2239
7, 0, 0, 0, 0, 2243
8, 0, 0, 0, 0, 2147
9, 0, 0, 0, 0, 2146
10, 0, 0, 0, 0, 2045
11, 0, 0, 0, 0, 2047
12, 0, 0, 0, 0, 1938
13, 0, 0, 0, 0, 1946
14, 0, 0, 0, 0, 1843
15, 0, 0, 0, 0, 1842
0, 0, 0, 0, 0, 1744
1, 0, 0, 0, 0, 1744
2, 0, 0, 0, 0, 1646
3, 0, 0, 0, 0, 1643
4, 0, 0, 0, 0, 1529
5, 0, 0, 0, 0, 1535
6, 0, 0, 0, 0, 1427
7, 0, 0, 0, 0, 1438
8, 0, 0, 0, 0, 1338
9, 0, 0, 0, 0, 1328
10, 0, 0, 0, 0, 1232
11, 0, 0, 0, 0, 1235
12, 0, 0, 0, 0, 1133
13, 0, 0, 0, 0, 1136
14, 0, 0, 0, 0, 1036
15, 0, 0, 0, 0, 1038
0, 0, 0, 0, 0, 941
1, 0, 0, 0, 0, 939
2, 0, 0, 0, 0, 850
3, 0, 0, 0, 0, 850
4, 0, 0, 0, 0, 758
5, 0, 0, 0, 0, 761
6, 0, 0, 0, 0, 678
7, 0, 0, 0, 0, 672
8, 0, 0, 0, 0, 592
9, 0, 0, 0, 0, 598
10, 0, 0, 0, 0, 525
11, 0, 0, 0, 0, 522
12, 0, 0, 0, 0, 453
13, 0, 0, 0, 0, 447
14, 0, 0, 0, 0, 379
15, 0, 0, 0, 0, 378
0, 0, 0, 0, 0, 320
1, 0, 0, 0, 0, 320
2, 0, 0, 0, 0, 266
3, 0, 0, 0, 0, 267
4, 0, 0, 0, 0, 212
5, 0, 0, 0, 0, 209
6, 0, 0, 0, 0, 163
7, 0, 0, 0, 0, 169
8, 0, 0, 0, 0, 125
9, 0, 0, 0, 0, 123
10, 0, 0, 0, 0, 97
11, 0, 0, 0, 0, 93
12, 0, 0, 0, 0, 66
13, 0, 0, 0, 0, 62
14, 0, 0, 0, 0, 46
15, 0, 0, 0, 0, 43
0, 0, 0, 0, 0, 31
1, 0, 0, 0, 0, 25
2, 0, 0, 0, 0, 18
3, 0, 0, 0, 0, 16
4, 0, 0, 0, 0, 19
5, 0, 0, 0, 0, 17
6, 0, 0, 0, 0, 19
7, 0, 0, 0, 0, 19
8, 0, 0, 0, 0, 25
9, 0, 0, 0, 0, 26
10, 0, 0, 0, 0, 47
11, 0, 0, 0, 0, 48
12, 0, 0, 0, 0, 62
13, 0, 0, 0, 0, 62
14, 0, 0, 0, 0, 90
15, 0, 0, 0, 0, 90
0, 0, 0, 0, 0, 121
1, 0, 0, 0, 0, 122
2, 0, 0, 0, 0, 163
3, 0, 0, 0, 0, 165
4, 0, 0, 0, 0, 212
5, 0, 0, 0, 0, 211
6, 0, 0, 0, 0, 265
7, 0, 0, 0, 0, 266
8, 0, 0, 0, 0, 319
9, 0, 0, 0, 0, 320
10, 0, 0, 0, 0, 384
11, 0, 0, 0, 0, 384
12, 0, 0, 0, 0, 447
13, 0, 0, 0, 0, 446
14, 0, 0, 0, 0, 526
15, 0, 0, 0, 0, 528
0, 0, 0, 0, 0, 599
1, 0, 0, 0, 0, 592
2, 0, 0, 0, 0, 673
3, 0, 0, 0, 0, 679
4, 0, 0, 0, 0, 765
5, 0, 0, 0, 0, 763
6, 0, 0, 0, 0, 848
7, 0, 0, 0, 0, 845
8, 0, 0, 0, 0, 944
9, 0, 0, 0, 0, 938
10, 0, 0, 0, 0, 1039
11, 0, 0, 0, 0, 1035
12, 0, 0, 0, 0, 1131
13, 0, 0, 0, 0, 1136
14, 0, 0, 0, 0, 1232
15, 0, 0, 0, 0, 1232
0, 0, 0, 0, 0, 1328
1, 0, 0, 0, 0, 1331
2, 0, 0, 0, 0, 1433
3, 0, 0, 0, 0, 1431
4, 0, 0, 0, 0, 1535
5, 0, 0, 0, 0, 1530
6, 0, 0, 0, 0, 1647
7, 0, 0, 0, 0, 1645
8, 0, 0, 0, 0, 1743
9, 0, 0, 0, 0, 1744
10, 0, 0, 0, 0, 1841
11, 0, 0, 0, 0, 1845
12, 0, 0, 0, 0, 1946
13, 0, 0, 0, 0, 1945
14, 0, 0, 0, 0, 2043
15, 0, 0, 0, 0, 2043
0, 0, 0, 0, 0, 2148
1, 0, 0, 0, 0, 2147
2, 0, 0, 0, 0, 2242
3, 0, 0, 0, 0, 2240
4, 0, 0, 0, 0, 2336
5, 0, 0, 0, 0, 2331
6, 0, 0, 0, 0, 2432
7, 0, 0, 0, 0, 2421
8, 0, 0, 0, 0, 2511
9, 0, 0, 0, 0, 2512
10, 0, 0, 0, 0, 2608
11, 0, 0, 0, 0, 2608
12, 0, 0, 0, 0, 2688
13, 0, 0, 0, 0, 2688
14, 0, 0, 0, 0, 2769
15, 0, 0, 0, 0, 2767
0, 0, 0, 0, 0, 2848
1, 0, 0, 0, 0, 2845
2, 0, 0, 0, 0, 2924
3, 0, 0, 0, 0, 2923
4, 0, 0, 0, 0, 2995
5, 0, 0, 0, 0, 2996
6, 0, 0, 0, 0, 3063
7, 0, 0, 0, 0, 3066
8, 0, 0, 0, 0, 3133
9, 0, 0, 0, 0, 3136
10, 0, 0, 0, 0, 3194
11, 0, 0, 0, 0, 3202
12, 0, 0, 0, 0, 3248
13, 0, 0, 0, 0, 3251
14, 0, 0, 0, 0, 3299
15, 0, 0, 0, 0, 3303
0, 0, 0, 0, 0, 3347
1, 0, 0, 0, 0, 3350
2, 0, 0, 0, 0, 3376
3, 0, 0, 0, 0, 3376
4, 0, 0, 0, 0, 3403
5, 0, 0, 0, 0, 3402
6, 0, 0, 0, 0, 3421
7, 0, 0, 0, 0, 3418
8, 0, 0, 0, 0, 3426
9, 0, 0, 0, 0, 3430
10, 0, 0, 0, 0, 3423
11, 0, 0, 0, 0, 3419
12, 0, 0, 0, 0, 3399
13, 0, 0, 0, 0, 3403
14, 0, 0, 0, 0, 3376
15, 0, 0, 0, 0, 3377
0, 0, 0, 0, 0, 3351
1, 0, 0, 0, 0, 3339
2, 0, 0, 0, 0, 3296
3, 0, 0, 0, 0, 3295
4, 0, 0, 0, 0, 3249
5, 0, 0, 0, 0, 3248
6, 0, 0, 0, 0, 3193
7, 0, 0, 0, 0, 3194
8, 0, 0, 0, 0, 3133
9, 0, 0, 0, 0, 3132
10, 0, 0, 0, 0, 3060
11, 0, 0, 0, 0, 3062
12, 0, 0, 0, 0, 2994
13, 0, 0, 0, 0, 2992
14, 0, 0, 0, 0, 2923
15, 0, 0, 0, 0, 2919
0, 0, 0, 0, 0, 2847
1, 0, 0, 0, 0, 2851
2, 0, 0, 0, 0, 2766
3, 0, 0, 0, 0, 2767
4, 0, 0, 0, 0, 2687
5, 0, 0, 0, 0, 2683
6, 0, 0, 0, 0, 2603
7, 0, 0, 0, 0, 2608
8, 0, 0, 0, 0, 2516
9, 0, 0, 0, 0, 2513
10, 0, 0, 0, 0, 2422
11, 0, 0, 0, 0, 2423
12, 0, 0, 0, 0, 2331
13, 0, 0, 0, 0, 2334
14, 0, 0, 0, 0, 2243
15, 0, 0, 0, 0, 2240
0, 0, 0, 0, 0, 2142
1, 0, 0, 0, 0, 2142
2, 0, 0, 0, 0, 2044
3, 0, 0, 0, 0, 2046
4, 0, 0, 0, 0, 1941
5, 0, 0, 0, 0, 1938
6, 0, 0, 0, 0, 1842
7, 0, 0, 0, 0, 1845
8, 0, 0, 0, 0, 1744
9, 0, 0, 0, 0, 1741
10, 0, 0, 0, 0, 1637
11, 0, 0, 0, 0, 1637
12, 0, 0, 0, 0, 1530
13, 0, 0, 0, 0, 1535
14, 0, 0, 0, 0, 1425
15, 0, 0, 0, 0, 1428
0, 0, 0, 0, 0, 1331
1, 0, 0, 0, 0, 1333
2, 0, 0, 0, 0, 1232
3, 0, 0, 0, 0, 1231
4, 0, 0, 0, 0, 1135
5, 0, 0, 0, 0, 1133
6, 0, 0, 0, 0, 1039
7, 0, 0, 0, 0, 1037
8, 0, 0, 0, 0, 941
9, 0, 0, 0, 0, 937
10, 0, 0, 0, 0, 848
11, 0, 0, 0, 0, 847
12, 0, 0, 0, 0, 762
13, 0, 0, 0, 0, 754
14, 0, 0, 0, 0, 673
15, 0, 0, 0, 0, 678
0, 0, 0, 0, 0, 592
1, 0, 0, 0, 0, 594
2, 0, 0, 0, 0, 522
3, 0, 0, 0, 0, 528
4, 0, 0, 0, 0, 448
5, 0, 0, 0, 0, 451
6, 0, 0, 0, 0, 384
7, 0, 0, 0, 0, 375
8, 0, 0, 0, 0, 320
9, 0, 0, 0, 0, 329
10, 0, 0, 0, 0, 259
11, 0, 0, 0, 0, 267
12, 0, 0, 0, 0, 211
13, 0, 0, 0, 0, 210
14, 0, 0, 0, 0, 163
15, 0, 0, 0, 0, 172
0, 0, 0, 0, 0, 128
1, 0, 0, 0, 0, 128
2, 0, 0, 0, 0, 97
3, 0, 0, 0, 0, 94
4, 0, 0, 0, 0, 62
5, 0, 0, 0, 0, 63
6, 0, 0, 0, 0, 46
7, 0, 0, 0, 0, 43
8, 0, 0, 0, 0, 30
9, 0, 0, 0, 0, 27
10, 0, 0, 0, 0, 17
11, 0, 0, 0, 0, 21
12, 0, 0, 0, 0, 15
13, 0, 0, 0, 0, 16
14, 0, 0, 0, 0, 16
15, 0, 0, 0, 0, 18
0, 0, 0, 0, 0, 31
1, 0, 0, 0, 0, 32
2, 0, 0, 0, 0, 48
3, 0, 0, 0, 0, 46
4, 0, 0, 0, 0, 69
5, 0, 0, 0, 0, 67
6, 0, 0, 0, 0, 94
7, 0, 0, 0, 0, 94
8, 0, 0, 0, 0, 130
9, 0, 0, 0, 0, 125
10, 0, 0, 0, 0, 167
11, 0, 0, 0, 0, 171
12, 0, 0, 0, 0, 209
13, 0, 0, 0, 0, 211
14, 0, 0, 0, 0, 263
15, 0, 0, 0, 0, 262
0, 0, 0, 0, 0, 320
1, 0, 0, 0, 0, 318
2, 0, 0, 0, 0, 381
3, 0, 0, 0, 0, 375
4, 0, 0, 0, 0, 443
5, 0, 0, 0, 0, 446
6, 0, 0, 0, 0, 523
7, 0, 0, 0, 0, 523
8, 0, 0, 0, 0, 594
9, 0, 0, 0, 0, 598
10, 0, 0, 0, 0, 677
11, 0, 0, 0, 0, 677
12, 0, 0, 0, 0, 761
13, 0, 0, 0, 0, 760
14, 0, 0, 0, 0, 845
15, 0, 0, 0, 0, 848
0, 0, 0, 0, 0, 941
1, 0, 0, 0, 0, 935
2, 0, 0, 0, 0, 1039
3, 0, 0, 0, 0, 1041
4, 0, 0, 0, 0, 1136
5, 0, 0, 0, 0, 1136
6, 0, 0, 0, 0, 1229
7, 0, 0, 0, 0, 1232
8, 0, 0, 0, 0, 1330
9, 0, 0, 0, 0, 1333
10, 0, 0, 0, 0, 1428
11, 0, 0, 0, 0, 1429
12, 0, 0, 0, 0, 1535
13, 0, 0, 0, 0, 1535
14, 0, 0, 0, 0, 1637
15, 0, 0, 0, 0, 1645
0, 0, 0, 0, 0, 1742
1, 0, 0, 0, 0, 1743
2, 0, 0, 0, 0, 1841
3, 0, 0, 0, 0, 1845
4, 0, 0, 0, 0, 1942
5, 0, 0, 0, 0, 1946
6, 0, 0, 0, 0, 2042
7, 0, 0, 0, 0, 2047
8, 0, 0, 0, 0, 2144
9, 0, 0, 0, 0, 2147
10, 0, 0, 0, 0, 2240
11, 0, 0, 0, 0, 2238
12, 0, 0, 0, 0, 2337
13, 0, 0, 0, 0, 2329
14, 0, 0, 0, 0, 2422
15, 0, 0, 0, 0, 2421
0, 0, 0, 0, 0, 2512
1, 0, 0, 0, 0, 2512
2, 0, 0, 0, 0, 2604
3, 0, 0, 0, 0, 2609
4, 0, 0, 0, 0, 2687
5, 0, 0, 0, 0, 2690
6, 0, 0, 0, 0, 2770
7, 0, 0, 0, 0, 2766
8, 0, 0, 0, 0, 2850
9, 0, 0, 0, 0, 2852
10, 0, 0, 0, 0, 2928
11, 0, 0, 0, 0, 2926
12, 0, 0, 0, 0, 2994
13, 0, 0, 0, 0, 2992
14, 0, 0, 0, 0, 3067
15, 0, 0, 0, 0, 3059
0, 0, 0, 0, 0, 3131
1, 0, 0, 0, 0, 3135
2, 0, 0, 0, 0, 3200
3, 0, 0, 0, 0, 3201
4, 0, 0, 0, 0, 3251
5, 0, 0, 0, 0, 3253
6, 0, 0, 0, 0, 3302
7, 0, 0, 0, 0, 3298
8, 0, 0, 0, 0, 3344
9, 0, 0, 0, 0, 3344
10, 0, 0, 0, 0, 3381
11, 0, 0, 0, 0, 3376
12, 0, 0, 0, 0, 3398
13, 0, 0, 0, 0, 3404
14, 0, 0, 0, 0, 3415
15, 0, 0, 0, 0, 3422
0, 0, 0, 0, 0, 3426
1, 